Workbook

Sheet Справочник
A1: Артикул ВБ | B1: Название | C1: Баркод
A2: 1119249556 | B2: PDRN сыворотка для лица VT Essence 100, 30 мл | C2: 8803463004286
A3: 1123494802 | B3: Бустер-сыворотка с микроиглами VT Reedle Shot 100 | C3: 8809695678363
A4: 1123574113 | B4: Тонер с морской водой Dokdo Toner 1025, 200 мл | C4: 8809657114731
A5: 1152680017 | B5: Крем-бустер для лица с ретинолом и микроиглами от морщин | C5: 2052360339632
A6: 1175175447 | B6: Гидрогелевые маски для лица набор увлажняющие корейские 6 шт | C6: 2052426737433
A7: 1177994944 | B7: Гидрогелевые маски для лица набор увлажняющие корейские 5 шт | C7: 2052468298473
A8: 1177994945 | B8: Гидрогелевые маски для лица набор увлажняющие корейские 7 шт | C8: 2052468472088
A9: 150925321 | B9: Увлажняющий тональный крем для лица матовый Collagen тон 13 | C9: 2037584524927
A10: 150925322 | B10: Увлажняющий тональный крем для лица матовый Collagen тон 21 | C10: 2037584524859
A11: 151132051 | B11: Отбеливающий тональный крем для лица 3в1 тон 13 | C11: 2037584726598
A12: 151132052 | B12: Отбеливающий тональный крем для лица 3в1 тон 21 | C12: 2037584562721
A13: 151175877 | B13: Гидрогелевые патчи от отеков и мешков под глазами | C13: 2037593729689
... A135: 868761530 | B135: Бальзам маска для губ Lip Sleeping Mask Berry | C135: 2049479296772

Sheet Учёт самовыкупов
A1: Дата | B1: Артикул ВБ | C1: Название (авто) | D1: Баркод (авто) | E1: Заказано, шт | F1: Забрано, шт | G1: Осталось забрать | H1: Цена заказа, ₽/шт | I1: Сумма заказа, ₽ | J1: Комментарий
C2: =IFERROR(VLOOKUP(B2,Справочник!$A$2:$C$135,2,FALSE),"") | D2: =IFERROR(VLOOKUP(B2,Справочник!$A$2:$C$135,3,FALSE),"") | G2: =IF(E2="","",E2-N(F2)) | I2: =IF(OR(E2="",H2=""),"",E2*H2)
C3: =IFERROR(VLOOKUP(B3,Справочник!$A$2:$C$135,2,FALSE),"") | D3: =IFERROR(VLOOKUP(B3,Справочник!$A$2:$C$135,3,FALSE),"") | G3: =IF(E3="","",E3-N(F3)) | I3: =IF(OR(E3="",H3=""),"",E3*H3)
C4: =IFERROR(VLOOKUP(B4,Справочник!$A$2:$C$135,2,FALSE),"") | D4: =IFERROR(VLOOKUP(B4,Справочник!$A$2:$C$135,3,FALSE),"") | G4: =IF(E4="","",E4-N(F4)) | I4: =IF(OR(E4="",H4=""),"",E4*H4)
C5: =IFERROR(VLOOKUP(B5,Справочник!$A$2:$C$135,2,FALSE),"") | D5: =IFERROR(VLOOKUP(B5,Справочник!$A$2:$C$135,3,FALSE),"") | G5: =IF(E5="","",E5-N(F5)) | I5: =IF(OR(E5="",H5=""),"",E5*H5)
C6: =IFERROR(VLOOKUP(B6,Справочник!$A$2:$C$135,2,FALSE),"") | D6: =IFERROR(VLOOKUP(B6,Справочник!$A$2:$C$135,3,FALSE),"") | G6: =IF(E6="","",E6-N(F6)) | I6: =IF(OR(E6="",H6=""),"",E6*H6)
C7: =IFERROR(VLOOKUP(B7,Справочник!$A$2:$C$135,2,FALSE),"") | D7: =IFERROR(VLOOKUP(B7,Справочник!$A$2:$C$135,3,FALSE),"") | G7: =IF(E7="","",E7-N(F7)) | I7: =IF(OR(E7="",H7=""),"",E7*H7)
C8: =IFERROR(VLOOKUP(B8,Справочник!$A$2:$C$135,2,FALSE),"") | D8: =IFERROR(VLOOKUP(B8,Справочник!$A$2:$C$135,3,FALSE),"") | G8: =IF(E8="","",E8-N(F8)) | I8: =IF(OR(E8="",H8=""),"",E8*H8)
C9: =IFERROR(VLOOKUP(B9,Справочник!$A$2:$C$135,2,FALSE),"") | D9: =IFERROR(VLOOKUP(B9,Справочник!$A$2:$C$135,3,FALSE),"") | G9: =IF(E9="","",E9-N(F9)) | I9: =IF(OR(E9="",H9=""),"",E9*H9)
C10: =IFERROR(VLOOKUP(B10,Справочник!$A$2:$C$135,2,FALSE),"") | D10: =IFERROR(VLOOKUP(B10,Справочник!$A$2:$C$135,3,FALSE),"") | G10: =IF(E10="","",E10-N(F10)) | I10: =IF(OR(E10="",H10=""),"",E10*H10)
C11: =IFERROR(VLOOKUP(B11,Справочник!$A$2:$C$135,2,FALSE),"") | D11: =IFERROR(VLOOKUP(B11,Справочник!$A$2:$C$135,3,FALSE),"") | G11: =IF(E11="","",E11-N(F11)) | I11: =IF(OR(E11="",H11=""),"",E11*H11)
C12: =IFERROR(VLOOKUP(B12,Справочник!$A$2:$C$135,2,FALSE),"") | D12: =IFERROR(VLOOKUP(B12,Справочник!$A$2:$C$135,3,FALSE),"") | G12: =IF(E12="","",E12-N(F12)) | I12: =IF(OR(E12="",H12=""),"",E12*H12)
C13: =IFERROR(VLOOKUP(B13,Справочник!$A$2:$C$135,2,FALSE),"") | D13: =IFERROR(VLOOKUP(B13,Справочник!$A$2:$C$135,3,FALSE),"") | G13: =IF(E13="","",E13-N(F13)) | I13: =IF(OR(E13="",H13=""),"",E13*H13)
... C401: =IFERROR(VLOOKUP(B401,Справочник!$A$2:$C$135,2,FALSE),"") | D401: =IFERROR(VLOOKUP(B401,Справочник!$A$2:$C$135,3,FALSE),"") | G401: =IF(E401="","",E401-N(F401)) | I401: =IF(OR(E401="",H401=""),"",E401*H401)

Sheet Свод по товарам
A1: Артикул ВБ | B1: Название | C1: Всего заказано | D1: Всего забрано | E1: Осталось | F1: Средняя цена | G1: Сумма выкупа
A2: 1119249556 | B2: PDRN сыворотка для лица VT Essence 100, 30 мл | C2: =SUMIF('Учёт самовыкупов'!$B$2:$B$401,A2,'Учёт самовыкупов'!$E$2:$E$401) | D2: =SUMIF('Учёт самовыкупов'!$B$2:$B$401,A2,'Учёт самовыкупов'!$F$2:$F$401) | E2: =C2-D2 | F2: =IFERROR(SUMIF('Учёт самовыкупов'!$B$2:$B$401,A2,'Учёт самовыкупов'!$I$2:$I$401)/C2,"") | G2: =SUMIF('Учёт самовыкупов'!$B$2:$B$401,A2,'Учёт самовыкупов'!$I$2:$I$401)
A3: 1123494802 | B3: Бустер-сыворотка с микроиглами VT Reedle Shot 100 | C3: =SUMIF('Учёт самовыкупов'!$B$2:$B$401,A3,'Учёт самовыкупов'!$E$2:$E$401) | D3: =SUMIF('Учёт самовыкупов'!$B$2:$B$401,A3,'Учёт самовыкупов'!$F$2:$F$401) | E3: =C3-D3 | F3: =IFERROR(SUMIF('Учёт самовыкупов'!$B$2:$B$401,A3,'Учёт самовыкупов'!$I$2:$I$401)/C3,"") | G3: =SUMIF('Учёт самовыкупов'!$B$2:$B$401,A3,'Учёт самовыкупов'!$I$2:$I$401)
A4: 1123574113 | B4: Тонер с морской водой Dokdo Toner 1025, 200 мл | C4: =SUMIF('Учёт самовыкупов'!$B$2:$B$401,A4,'Учёт самовыкупов'!$E$2:$E$401) | D4: =SUMIF('Учёт самовыкупов'!$B$2:$B$401,A4,'Учёт самовыкупов'!$F$2:$F$401) | E4: =C4-D4 | F4: =IFERROR(SUMIF('Учёт самовыкупов'!$B$2:$B$401,A4,'Учёт самовыкупов'!$I$2:$I$401)/C4,"") | G4: =SUMIF('Учёт самовыкупов'!$B$2:$B$401,A4,'Учёт самовыкупов'!$I$2:$I$401)
A5: 1152680017 | B5: Крем-бустер для лица с ретинолом и микроиглами от морщин | C5: =SUMIF('Учёт самовыкупов'!$B$2:$B$401,A5,'Учёт самовыкупов'!$E$2:$E$401) | D5: =SUMIF('Учёт самовыкупов'!$B$2:$B$401,A5,'Учёт самовыкупов'!$F$2:$F$401) | E5: =C5-D5 | F5: =IFERROR(SUMIF('Учёт самовыкупов'!$B$2:$B$401,A5,'Учёт самовыкупов'!$I$2:$I$401)/C5,"") | G5: =SUMIF('Учёт самовыкупов'!$B$2:$B$401,A5,'Учёт самовыкупов'!$I$2:$I$401)
A6: 1175175447 | B6: Гидрогелевые маски для лица набор увлажняющие корейские 6 шт | C6: =SUMIF('Учёт самовыкупов'!$B$2:$B$401,A6,'Учёт самовыкупов'!$E$2:$E$401) | D6: =SUMIF('Учёт самовыкупов'!$B$2:$B$401,A6,'Учёт самовыкупов'!$F$2:$F$401) | E6: =C6-D6 | F6: =IFERROR(SUMIF('Учёт самовыкупов'!$B$2:$B$401,A6,'Учёт самовыкупов'!$I$2:$I$401)/C6,"") | G6: =SUMIF('Учёт самовыкупов'!$B$2:$B$401,A6,'Учёт самовыкупов'!$I$2:$I$401)
A7: 1177994944 | B7: Гидрогелевые маски для лица набор увлажняющие корейские 5 шт | C7: =SUMIF('Учёт самовыкупов'!$B$2:$B$401,A7,'Учёт самовыкупов'!$E$2:$E$401) | D7: =SUMIF('Учёт самовыкупов'!$B$2:$B$401,A7,'Учёт самовыкупов'!$F$2:$F$401) | E7: =C7-D7 | F7: =IFERROR(SUMIF('Учёт самовыкупов'!$B$2:$B$401,A7,'Учёт самовыкупов'!$I$2:$I$401)/C7,"") | G7: =SUMIF('Учёт самовыкупов'!$B$2:$B$401,A7,'Учёт самовыкупов'!$I$2:$I$401)
A8: 1177994945 | B8: Гидрогелевые маски для лица набор увлажняющие корейские 7 шт | C8: =SUMIF('Учёт самовыкупов'!$B$2:$B$401,A8,'Учёт самовыкупов'!$E$2:$E$401) | D8: =SUMIF('Учёт самовыкупов'!$B$2:$B$401,A8,'Учёт самовыкупов'!$F$2:$F$401) | E8: =C8-D8 | F8: =IFERROR(SUMIF('Учёт самовыкупов'!$B$2:$B$401,A8,'Учёт самовыкупов'!$I$2:$I$401)/C8,"") | G8: =SUMIF('Учёт самовыкупов'!$B$2:$B$401,A8,'Учёт самовыкупов'!$I$2:$I$401)
A9: 150925321 | B9: Увлажняющий тональный крем для лица матовый Collagen тон 13 | C9: =SUMIF('Учёт самовыкупов'!$B$2:$B$401,A9,'Учёт самовыкупов'!$E$2:$E$401) | D9: =SUMIF('Учёт самовыкупов'!$B$2:$B$401,A9,'Учёт самовыкупов'!$F$2:$F$401) | E9: =C9-D9 | F9: =IFERROR(SUMIF('Учёт самовыкупов'!$B$2:$B$401,A9,'Учёт самовыкупов'!$I$2:$I$401)/C9,"") | G9: =SUMIF('Учёт самовыкупов'!$B$2:$B$401,A9,'Учёт самовыкупов'!$I$2:$I$401)
A10: 150925322 | B10: Увлажняющий тональный крем для лица матовый Collagen тон 21 | C10: =SUMIF('Учёт самовыкупов'!$B$2:$B$401,A10,'Учёт самовыкупов'!$E$2:$E$401) | D10: =SUMIF('Учёт самовыкупов'!$B$2:$B$401,A10,'Учёт самовыкупов'!$F$2:$F$401) | E10: =C10-D10 | F10: =IFERROR(SUMIF('Учёт самовыкупов'!$B$2:$B$401,A10,'Учёт самовыкупов'!$I$2:$I$401)/C10,"") | G10: =SUMIF('Учёт самовыкупов'!$B$2:$B$401,A10,'Учёт самовыкупов'!$I$2:$I$401)
A11: 151132051 | B11: Отбеливающий тональный крем для лица 3в1 тон 13 | C11: =SUMIF('Учёт самовыкупов'!$B$2:$B$401,A11,'Учёт самовыкупов'!$E$2:$E$401) | D11: =SUMIF('Учёт самовыкупов'!$B$2:$B$401,A11,'Учёт самовыкупов'!$F$2:$F$401) | E11: =C11-D11 | F11: =IFERROR(SUMIF('Учёт самовыкупов'!$B$2:$B$401,A11,'Учёт самовыкупов'!$I$2:$I$401)/C11,"") | G11: =SUMIF('Учёт самовыкупов'!$B$2:$B$401,A11,'Учёт самовыкупов'!$I$2:$I$401)
A12: 151132052 | B12: Отбеливающий тональный крем для лица 3в1 тон 21 | C12: =SUMIF('Учёт самовыкупов'!$B$2:$B$401,A12,'Учёт самовыкупов'!$E$2:$E$401) | D12: =SUMIF('Учёт самовыкупов'!$B$2:$B$401,A12,'Учёт самовыкупов'!$F$2:$F$401) | E12: =C12-D12 | F12: =IFERROR(SUMIF('Учёт самовыкупов'!$B$2:$B$401,A12,'Учёт самовыкупов'!$I$2:$I$401)/C12,"") | G12: =SUMIF('Учёт самовыкупов'!$B$2:$B$401,A12,'Учёт самовыкупов'!$I$2:$I$401)
A13: 151175877 | B13: Гидрогелевые патчи от отеков и мешков под глазами | C13: =SUMIF('Учёт самовыкупов'!$B$2:$B$401,A13,'Учёт самовыкупов'!$E$2:$E$401) | D13: =SUMIF('Учёт самовыкупов'!$B$2:$B$401,A13,'Учёт самовыкупов'!$F$2:$F$401) | E13: =C13-D13 | F13: =IFERROR(SUMIF('Учёт самовыкупов'!$B$2:$B$401,A13,'Учёт самовыкупов'!$I$2:$I$401)/C13,"") | G13: =SUMIF('Учёт самовыкупов'!$B$2:$B$401,A13,'Учёт самовыкупов'!$I$2:$I$401)
... A135: 868761530 | B135: Бальзам маска для губ Lip Sleeping Mask Berry | C135: =SUMIF('Учёт самовыкупов'!$B$2:$B$401,A135,'Учёт самовыкупов'!$E$2:$E$401) | D135: =SUMIF('Учёт самовыкупов'!$B$2:$B$401,A135,'Учёт самовыкупов'!$F$2:$F$401) | E135: =C135-D135 | F135: =IFERROR(SUMIF('Учёт самовыкупов'!$B$2:$B$401,A135,'Учёт самовыкупов'!$I$2:$I$401)/C135,"") | G135: =SUMIF('Учёт самовыкупов'!$B$2:$B$401,A135,'Учёт самовыкупов'!$I$2:$I$401)
