Workbook

Sheet 260601 (total)
A1: MELASMA-X PRICE LIST
A2: No. | B2: IMAGE | C2: PRODUCT NAME | F2: On-Line | G2: 1 ea WEIGHT | H2: IN CARTON | I2: PRODUCT BAR CODE | J2: CARTON SIZE (mm) | K2: WEIGHT(kg) | L2: SUPPLY PRICE (-VAT)
A3: 1 | C3: MELASMA-X GLUTATHIONE ESSENCE FLUID (200ml) 기미엑스 글루타치온 엣센스 시카 플루이드 (200ml) | F3: 26000 | G3: 267g | H3: 40 | I3: 8809715722137 | J3: 480*305*200 | K3: 11.8 | L3: =VLOOKUP(I3,[1]품목등록!$B:$G,6,0) -> 5000
A4: 2 | C4: MELASMA-X GLUTATHIONE AT ONCE CREAM (30ml) 기미엑스 글루타치온 한번에 크림 (30ml) | F4: 19800 | G4: 160g | H4: 96 | I4: 8809715723073 | J4: 447*305*160 | K4: 16 | L4: =VLOOKUP(I4,[1]품목등록!$B:$G,6,0) -> 3560
A5: 3 | C5: MELASMA-X GLUTATHIONE WHITENING COLLAGEN CAPSULE AMPOULE 기미엑스 글루타티온 화이트닝 콜라겐 캡슐앰플 (40mg *28pcs) | F5: 39900 | G5: 82g | H5: 70 | I5: 8809759920148 | J5: 595*395*145 | K5: 5.6 | L5: =VLOOKUP(I5,[1]품목등록!$B:$G,6,0) -> 8330
A6: 4 | C6: MELASMA-X 3D UNDERARM WHITENING CURE CREAM (100ml) 기미엑스 3D 언더암 화이트닝 큐어크림 (100ml) | F6: 22000 | G6: 133g | H6: 55 | I6: 8809715723486 | J6: 470*300*184 | K6: 7.91 | L6: =VLOOKUP(I6,[1]품목등록!$B:$G,6,0) -> 3890
A7: 5 | C7: MELASMA-X SMILE MODELING SUN STICK (22g) 기미엑스 스마일 모델링 썬스틱 (22g) | F7: 18000 | G7: 58g | H7: 80 | I7: 8809445614887 | J7: 450*280*100 | K7: 5.5 | L7: =VLOOKUP(I7,[1]품목등록!$B:$G,6,0) -> 3670
A8: 6 | C8: MELASMA-X 3D WHITENING CLINIC MASK PACK (30ml *10pcs) 기미엑스3D화이트닝 클리닉 마스크팩 (30ml*10pcs) | F8: 22000 | G8: 450g | H8: 30 | I8: 8809715721116 | J8: 460*360*230 | K8: 14.2 | L8: =VLOOKUP(I8,[1]품목등록!$B:$G,6,0) -> 4440
A9: 7 | C9: MELASMA-X 3D WHITENING CLINIC RENEWAL CREAM (100ml) 기미엑스3D화이트닝 클리닉 리뉴얼 크림 (100ml) | F9: 25900 | G9: 209g | H9: 48 | I9: 8809715721970 | J9: 530*360*165 | K9: 10.95 | L9: =VLOOKUP(I9,[1]품목등록!$B:$G,6,0) -> 5000
A10: 8 | C10: MELASMA-X 3D AQUA UTRA TONE UP SUNCREAM (50ml) 기미엑스 3D 아쿠아 울트라 톤업 선크림 (50ml) | F10: 28000 | G10: 77g | H10: 96 | I10: 8809715722281 | J10: 475*310*195 | K10: 8.1 | L10: =VLOOKUP(I10,[1]품목등록!$B:$G,6,0) -> 3560
A11: 9 | C11: MELASMA-X COLLAGEN WRINKLE EYE CREAM (45ml) 기미엑스-콜라겐 링클 아이크림 (45ml) | F11: 19800 | G11: 68g | H11: 100 | I11: 8809715720454 | J11: 510*310*195 | K11: 7.2 | L11: =VLOOKUP(I11,[1]품목등록!$B:$G,6,0) -> 2780
A12: 10 | C12: MELASMA-X VITA-COLLAGEN TONE-UP SUN CREAM (45ml) 기미엑스 비타콜라겐 톤업 선크림 (45ml) | F12: 18000 | G12: 68g | H12: 100 | I12: 8809715722120 | J12: 510*310*195 | K12: 7.6 | L12: =VLOOKUP(I12,[1]품목등록!$B:$G,6,0) -> 2220
A13: 11 | C13: MELASMA-X 3D WHITENING CLINIC RENEWAL CREAM (40ml) 기미엑스3D화이트닝 클리닉 리뉴얼 크림 (40ml) | F13: 19800 | G13: 63g | H13: 110 | I13: 8809715720751 | J13: 510*310*200 | K13: 7.6 | L13: =VLOOKUP(I13,[1]품목등록!$B:$G,6,0) -> 3450
A14: 12 | C14: MELASMA-X GLUTATHIONE BRIGHTENING TONE UP CREAM (45ml) 기미엑스 글루타치온 브라이트닝 톤업크림 (45ml) | F14: 22000 | G14: 67g | H14: 105 | I14: 8809715721574 | J14: 510*310*195 | K14: 7.5 | L14: =VLOOKUP(I14,[1]품목등록!$B:$G,6,0) -> 3220
... A28: 26 | C28: MELASMA-X 3D WHITENING CLINIC MULTI 5 SET 기미엑스3D화이트닝 클리닉 멀티 5종세트 | F28: 24000 | G28: 232g | H28: 40 | I28: 8809715721130 | J28: 450*360*310 | K28: 9.9 | L28: =VLOOKUP(I28,[1]품목등록!$B:$G,6,0) -> 8880
C29: TOTAL(합 계)
