Workbook

Sheet Сравнение по товарам
A1: Celimax на Ozon: конверсии карточек с большим и малым числом отзывов
A2: Источник: выгрузка "Аналитика конкурентов" по бренду Celimax (Ozon Seller, 28 дней, сформирована 06.08.2026) + карточки Ozon (кол-во отзывов, актуально на 06.08.2026)
A4: Товар (модель) | B4: Продавец | C4: Группа | D4: Отзывы, шт | E4: Показы, шт | F4: Переходы в карточку (клики), шт | G4: СТР, % | H4: В корзину из карточки, % | I4: Конверсия в заказ от показов, % | J4: Конверсия в заказ от кликов, % | K4: Заказано, шт | L4: Средняя цена, ₽ | M4: Ссылка на карточку
A5: Dual Barrier Creamy Toner, 150 мл | B5: LIFECOSM | C5: Много отзывов | D5: 10128 | E5: 2636308 | F5: 109356 | G5: =F5/E5 -> 0.041480737 | H5: 0.1527 | I5: 0.003 | J5: =K5/F5 -> 0.072067376 | K5: 7881 | L5: 1074 | M5: https://www.ozon.ru/product/2149600147
A6: Dual Barrier Creamy Toner, 150 мл | B6: Модена трейд | C6: Мало отзывов | D6: 17 | E6: 2049 | F6: 88 | G6: =F6/E6 -> 0.042947779 | H6: 0.0795 | I6: 0.0024 | J6: =K6/F6 -> 0.056818182 | K6: 5 | L6: 1098 | M6: https://www.ozon.ru/product/3762804651
A7: Pore+Dark Spot Brightening Serum, 30 мл | B7: LIFECOSM | C7: Много отзывов | D7: 18456 | E7: 618341 | F7: 27715 | G7: =F7/E7 -> 0.044821547 | H7: 0.1224 | I7: 0.002 | J7: =K7/F7 -> 0.04531842 | K7: 1256 | L7: 1340 | M7: https://www.ozon.ru/product/2149600134
A8: Pore+Dark Spot Brightening Serum, 30 мл | B8: Модена трейд | C8: Мало отзывов | D8: 17 | E8: 9166 | F8: 354 | G8: =F8/E8 -> 0.038620991 | H8: 0.1186 | I8: 0.0015 | J8: =K8/F8 -> 0.039548023 | K8: 14 | L8: 1050 | M8: https://www.ozon.ru/product/3811129605
A9: The Vita-A Retinol Shot Tightening Serum, 30 мл | B9: LIFECOSM | C9: Много отзывов | D9: 18456 | E9: 2455428 | F9: 103402 | G9: =F9/E9 -> 0.042111599 | H9: 0.1413 | I9: 0.0022 | J9: =K9/F9 -> 0.053200132 | K9: 5501 | L9: 1354 | M9: https://www.ozon.ru/product/2149653462
A10: The Vita-A Retinol Shot Tightening Serum, 30 мл | B10: Beauty_shop | C10: Мало отзывов | D10: 151 | E10: 21718 | F10: 354 | G10: =F10/E10 -> 0.016299843 | H10: 0.0819 | I10: 0.0002 | J10: =K10/F10 -> 0.011299435 | K10: 4 | L10: 1514 | M10: https://www.ozon.ru/product/2149619911
A11: Dual Barrier Skin Wearable Cream, 50 мл | B11: LIFECOSM | C11: Много отзывов | D11: 16998 | E11: 1822217 | F11: 62215 | G11: =F11/E11 -> 0.034142476 | H11: 0.1161 | I11: 0.0019 | J11: =K11/F11 -> 0.055581451 | K11: 3458 | L11: 1437 | M11: https://www.ozon.ru/product/2149600210
A12: Dual Barrier Skin Wearable Cream, 50 мл | B12: Модена трейд | C12: Мало отзывов | D12: 39 | E12: 4349 | F12: 271 | G12: =F12/E12 -> 0.062313175 | H12: 0.1143 | I12: 0.0048 | J12: =K12/F12 -> 0.077490775 | K12: 21 | L12: 1178 | M12: https://www.ozon.ru/product/3762277827
A14: СТР = переходы в карточку / показы. Конверсия в заказ от кликов = заказано, шт / переходы в карточку. Остальные метрики — из отчёта Ozon Seller.

Sheet Итоги
A1: Влияние количества отзывов на конверсии — средние по 4 парам товаров
A3: Метрика | B3: Много отзывов (сред.) | C3: Мало отзывов (сред.) | D3: Разница, п.п. / раз | E3: Комментарий
A4: Отзывы, шт | B4: =AVERAGEIF('Сравнение по товарам'!C5:C12,"Много отзывов",'Сравнение по товарам'!D5:D12) -> 16009.5 | C4: =AVERAGEIF('Сравнение по товарам'!C5:C12,"Мало отзывов",'Сравнение по товарам'!D5:D12) -> 56 | D4: =B4/C4 -> 285.88393 | E4: Отзывы у топ-продавца в среднем в сотни раз больше
A5: СТР, % | B5: =AVERAGEIF('Сравнение по товарам'!C5:C12,"Много отзывов",'Сравнение по товарам'!G5:G12) -> 0.04063909 | C5: =AVERAGEIF('Сравнение по товарам'!C5:C12,"Мало отзывов",'Сравнение по товарам'!G5:G12) -> 0.040045447 | D5: =B5-C5 -> 0.0005936426 | E5: СТР почти не зависит от кол-ва отзывов — на клик влияют обложка/цена/позиция, не отзывы
A6: В корзину из карточки, % | B6: =AVERAGEIF('Сравнение по товарам'!C5:C12,"Много отзывов",'Сравнение по товарам'!H5:H12) -> 0.133125 | C6: =AVERAGEIF('Сравнение по товарам'!C5:C12,"Мало отзывов",'Сравнение по товарам'!H5:H12) -> 0.098575 | D6: =B6-C6 -> 0.03455 | E6: Главный эффект отзывов: конверсия в корзину заметно выше при большом кол-ве отзывов
A7: Конверсия в заказ от показов, % | B7: =AVERAGEIF('Сравнение по товарам'!C5:C12,"Много отзывов",'Сравнение по товарам'!I5:I12) -> 0.002275 | C7: =AVERAGEIF('Сравнение по товарам'!C5:C12,"Мало отзывов",'Сравнение по товарам'!I5:I12) -> 0.002225 | D7: =B7-C7 -> 5e-05 | E7: Конверсия от показов почти не отличается — эффект отзывов проявляется дальше по воронке
A8: Конверсия в заказ от кликов, % | B8: =AVERAGEIF('Сравнение по товарам'!C5:C12,"Много отзывов",'Сравнение по товарам'!J5:J12) -> 0.056541845 | C8: =AVERAGEIF('Сравнение по товарам'!C5:C12,"Мало отзывов",'Сравнение по товарам'!J5:J12) -> 0.046289104 | D8: =B8-C8 -> 0.010252741 | E8: Конверсия в заказ от клика в среднем выше при большом кол-ве отзывов

Sheet Подневный план самовыкупов
A1: Подневный план самовыкупов
A3: День | B3: Кол-во самовыкупов, шт | C3: Нарастающим итогом, шт
A4: 1 | B4: 1 | C4: =B4 -> 1
A5: 2 | B5: 4 | C5: =B4+B5 -> 5
A6: 3 | B6: 6 | C6: =C5+B6 -> 11
A7: 4 | B7: 10 | C7: =C6+B7 -> 21
A8: 5 | B8: 13 | C8: =C7+B8 -> 34
A9: 6 | B9: 17 | C9: =C8+B9 -> 51
A10: 7 | B10: 23 | C10: =C9+B10 -> 74
A11: 8 | B11: 26 | C11: =C10+B11 -> 100
