Workbook

Sheet Хранение до конца ноября
A1: Артикул ВБ | B1: Наименование | C1: Остаток без ЧЗ, шт | D1: Хранение в день за ед., руб | E1: Отгрузка на Коротич (весь остаток), шт | F1: Отгрузка на Крона (весь остаток), шт | G1: Хранение до конца ноября всего (без продаж), руб | H1: Выкуп/день, шт (100 дн) | I1: Прогноз остатка к 30.11 (продают 2 магазина), шт | J1: Хранение до конца ноября с продажами и сезонностью (2 магазина), руб
A2: 204258828 | B2: COSRX - Salicylic Acid Daily Gentle Cleanser [150ml] / Пенка с салициловой кислотой для проблемной кожи | C2: 556 | D2: 0.1612 | E2: =ROUND(C2*'Сезонность'!$B$11,0) | F2: =C2-E2 | G2: =D2*C2*SUM('Сезонность'!$B$2:$B$7) | H2: 1.46 | I2: ='Расчёт по месяцам'!U2 | J2: ='Расчёт по месяцам'!T2
A3: 214304883 | B3: DEOPROCE - SNAIL RECOVERY CREAM [100g] / Крем восстанавливающий с муцином улитки | C3: 73 | D3: 0.1595 | E3: =ROUND(C3*'Сезонность'!$B$11,0) | F3: =C3-E3 | G3: =D3*C3*SUM('Сезонность'!$B$2:$B$7) | H3: 0.77 | I3: ='Расчёт по месяцам'!U3 | J3: ='Расчёт по месяцам'!T3
A4: 608837066 | B4: DEOPROCE SHAMPOO - BLACK GARLIC INTENSME ENERGY [600ml] мягкая упаковка Шампунь с черным чесноком против выпадения волос | C4: 125 | D4: 0.4148 | E4: =ROUND(C4*'Сезонность'!$B$11,0) | F4: =C4-E4 | G4: =D4*C4*SUM('Сезонность'!$B$2:$B$7) | H4: 1.35 | I4: ='Расчёт по месяцам'!U4 | J4: ='Расчёт по месяцам'!T4
A5: 608624295 | B5: DEOPROCE SHAMPOO - BLACK GARLIC INTENSME ENERGY [600ml] мягкая упаковка с колпачком,Шампунь с черным чесноком против выпадения волос | C5: 144 | D5: 0.2808 | E5: =ROUND(C5*'Сезонность'!$B$11,0) | F5: =C5-E5 | G5: =D5*C5*SUM('Сезонность'!$B$2:$B$7) | H5: 1.11 | I5: ='Расчёт по месяцам'!U5 | J5: ='Расчёт по месяцам'!T5
A6: 608841921 | B6: DEOPROCE SHAMPOO - BLACK GARLIC INTENSME ENERGY [200ml]/ Шампунь с черным чесноком против выпадения волос | C6: 550 | D6: 0.1588 | E6: =ROUND(C6*'Сезонность'!$B$11,0) | F6: =C6-E6 | G6: =D6*C6*SUM('Сезонность'!$B$2:$B$7) | H6: 1.94 | I6: ='Расчёт по месяцам'!U6 | J6: ='Расчёт по месяцам'!T6
A7: 214305722 | B7: DEOPROCE SHAMPOO+BALSAM - BLACK GARLIC[2000ml] | C7: 610 | D7: 0.9546 | E7: =ROUND(C7*'Сезонность'!$B$11,0) | F7: =C7-E7 | G7: =D7*C7*SUM('Сезонность'!$B$2:$B$7) | H7: 3.54 | I7: ='Расчёт по месяцам'!U7 | J7: ='Расчёт по месяцам'!T7
A8: 208202076 | B8: EKEL - Ampule Сream Сollagen [70ml] / Крем для лица ампульный с коллагеном | C8: 186 | D8: 0.1485 | E8: =ROUND(C8*'Сезонность'!$B$11,0) | F8: =C8-E8 | G8: =D8*C8*SUM('Сезонность'!$B$2:$B$7) | H8: 2.9 | I8: ='Расчёт по месяцам'!U8 | J8: ='Расчёт по месяцам'!T8
A9: 207796563 | B9: ELIZAVECCA - Aqua Hyaluronic Acid Water Drop Cream / Увлажняющий крем для лица с гиалуроновой кислотой | C9: 100 | D9: 0.1653 | E9: =ROUND(C9*'Сезонность'!$B$11,0) | F9: =C9-E9 | G9: =D9*C9*SUM('Сезонность'!$B$2:$B$7) | H9: 4.22 | I9: ='Расчёт по месяцам'!U9 | J9: ='Расчёт по месяцам'!T9
A10: 207796350 | B10: ELIZAVECCA - CER-100 Collagen Ceramide Coating Protein Treatment [100ml] / Коллагеновая маска для волос | C10: 496 | D10: 0.1643 | E10: =ROUND(C10*'Сезонность'!$B$11,0) | F10: =C10-E10 | G10: =D10*C10*SUM('Сезонность'!$B$2:$B$7) | H10: 0.86 | I10: ='Расчёт по месяцам'!U10 | J10: ='Расчёт по месяцам'!T10
A11: 206057411 | B11: ELIZAVECCA - Hell pore clean up aha fruit toner [ 200ml] / Пилинг-тоник с фруктовыми кислотами | C11: 180 | D11: 0.1704 | E11: =ROUND(C11*'Сезонность'!$B$11,0) | F11: =C11-E11 | G11: =D11*C11*SUM('Сезонность'!$B$2:$B$7) | H11: 3.5 | I11: ='Расчёт по месяцам'!U11 | J11: ='Расчёт по месяцам'!T11
A12: 206058262 | B12: ELIZAVECCA - Hell-Pore Galactomyces Pure Ample / Сыворотка для лица с экстрактом галактомисиса | C12: 50 | D12: 0.148 | E12: =ROUND(C12*'Сезонность'!$B$11,0) | F12: =C12-E12 | G12: =D12*C12*SUM('Сезонность'!$B$2:$B$7) | H12: 0.11 | I12: ='Расчёт по месяцам'!U12 | J12: ='Расчёт по месяцам'!T12
A13: 190160008 | B13: ELIZAVECCA - Milky Piggy EGF elastic retinol [100ml] / Антивозрастной крем для лица с ретинолом и EGF | C13: 345 | D13: 0.1647 | E13: =ROUND(C13*'Сезонность'!$B$11,0) | F13: =C13-E13 | G13: =D13*C13*SUM('Сезонность'!$B$2:$B$7) | H13: 0.15 | I13: ='Расчёт по месяцам'!U13 | J13: ='Расчёт по месяцам'!T13
... A59: 551518955 | B59: CELIMAX THE REAL NONI MOISTURE BALANCING TONER (NEW) [150ml]/Восстанавливающий тонер с экстрактом нони | C59: 194 | D59: 0.1503 | E59: =ROUND(C59*'Сезонность'!$B$11,0) | F59: =C59-E59 | G59: =D59*C59*SUM('Сезонность'!$B$2:$B$7) | H59: 0.09 | I59: ='Расчёт по месяцам'!U59 | J59: ='Расчёт по месяцам'!T59
B60: ИТОГО | C60: =SUM(C2:C59) | E60: =SUM(E2:E59) | F60: =SUM(F2:F59) | G60: =SUM(G2:G59) | I60: =SUM(I2:I59) | J60: =SUM(J2:J59)
B62: Весь остаток без ЧЗ отгружается: Коротич = остаток×доля (E), Крона = остаток−Коротич (F). Прогноз остатка к 30.11 (I) и хранение (J) считаются с учётом продаж ОБОИХ магазинов: каждый списывает из своей отгрузки (Коротич — полный сезонный темп, Крона — с помесячной раскруткой). Движок — лист 'Расчёт по месяцам'.

Sheet Сезонность
A1: Месяц | B1: Дней в окне | C1: Сезонный коэф (весна=1.00) | D1: Комментарий | E1: Раскрутка Крона (доля)
A2: Июнь | B2: 6 | C2: 1 | E2: 0.15
A3: Июль | B3: 31 | C3: 0.92 | E3: 0.25
A4: Август | B4: 31 | C4: 0.92 | E4: 0.35
A5: Сентябрь | B5: 30 | C5: 1.05 | E5: 0.45
A6: Октябрь | B6: 31 | C6: 1.12 | E6: 0.55
A7: Ноябрь | B7: 30 | C7: 1.15 | E7: 0.65
A9: Сила продаж Коротич (эфф.дни) | B9: =SUMPRODUCT($B$2:$B$7,$C$2:$C$7)
A10: Сила продаж Крона (эфф.дни, с раскруткой) | B10: =SUMPRODUCT($B$2:$B$7,$C$2:$C$7,$E$2:$E$7)
A11: Доля Коротича в отгрузке | B11: =B9/(B9+B10)
A12: Доля Кроны в отгрузке | B12: =1-B11
A14: Весь остаток без ЧЗ распределяется между магазинами по доле силы продаж. Прогноз остатка и хранение учитывают, что ОБА магазина продают: Коротич свою долю по полному сезонному темпу, Крона свою — по темпу с раскруткой. Сезонность: зима 0.87/весна 1.00 — данные; лето/осень/ноябрь — оценка.

Sheet Расчёт по месяцам
A1: Артикул | B1: Коротич.июнь | C1: Крона.июнь | D1: хран.июнь | E1: Коротич.июль | F1: Крона.июль | G1: хран.июль | H1: Коротич.авг | I1: Крона.авг | J1: хран.авг | K1: Коротич.сен | L1: Крона.сен | M1: хран.сен | N1: Коротич.окт | O1: Крона.окт | P1: хран.окт | Q1: Коротич.ноя | R1: Крона.ноя | S1: хран.ноя | T1: Хранение всего, руб | U1: Остаток к 30.11 (оба), шт
A2: ='Хранение до конца ноября'!A2 | B2: =MAX(0,'Хранение до конца ноября'!E2-'Хранение до конца ноября'!H2*'Сезонность'!$C$2*'Сезонность'!$B$2) | C2: =MAX(0,'Хранение до конца ноября'!F2-'Хранение до конца ноября'!H2*'Сезонность'!$C$2*'Сезонность'!$E$2*'Сезонность'!$B$2) | D2: ='Хранение до конца ноября'!D2*(('Хранение до конца ноября'!E2+B2)/2+('Хранение до конца ноября'!F2+C2)/2)*'Сезонность'!$B$2 | E2: =MAX(0,B2-'Хранение до конца ноября'!H2*'Сезонность'!$C$3*'Сезонность'!$B$3) | F2: =MAX(0,C2-'Хранение до конца ноября'!H2*'Сезонность'!$C$3*'Сезонность'!$E$3*'Сезонность'!$B$3) | G2: ='Хранение до конца ноября'!D2*((B2+E2)/2+(C2+F2)/2)*'Сезонность'!$B$3 | H2: =MAX(0,E2-'Хранение до конца ноября'!H2*'Сезонность'!$C$4*'Сезонность'!$B$4) | I2: =MAX(0,F2-'Хранение до конца ноября'!H2*'Сезонность'!$C$4*'Сезонность'!$E$4*'Сезонность'!$B$4) | J2: ='Хранение до конца ноября'!D2*((E2+H2)/2+(F2+I2)/2)*'Сезонность'!$B$4 | K2: =MAX(0,H2-'Хранение до конца ноября'!H2*'Сезонность'!$C$5*'Сезонность'!$B$5) | L2: =MAX(0,I2-'Хранение до конца ноября'!H2*'Сезонность'!$C$5*'Сезонность'!$E$5*'Сезонность'!$B$5) | M2: ='Хранение до конца ноября'!D2*((H2+K2)/2+(I2+L2)/2)*'Сезонность'!$B$5 | N2: =MAX(0,K2-'Хранение до конца ноября'!H2*'Сезонность'!$C$6*'Сезонность'!$B$6) | O2: =MAX(0,L2-'Хранение до конца ноября'!H2*'Сезонность'!$C$6*'Сезонность'!$E$6*'Сезонность'!$B$6) | P2: ='Хранение до конца ноября'!D2*((K2+N2)/2+(L2+O2)/2)*'Сезонность'!$B$6 | Q2: =MAX(0,N2-'Хранение до конца ноября'!H2*'Сезонность'!$C$7*'Сезонность'!$B$7) | R2: =MAX(0,O2-'Хранение до конца ноября'!H2*'Сезонность'!$C$7*'Сезонность'!$E$7*'Сезонность'!$B$7) | S2: ='Хранение до конца ноября'!D2*((N2+Q2)/2+(O2+R2)/2)*'Сезонность'!$B$7 | T2: =D2+G2+J2+M2+P2+S2 | U2: =Q2+R2
A3: ='Хранение до конца ноября'!A3 | B3: =MAX(0,'Хранение до конца ноября'!E3-'Хранение до конца ноября'!H3*'Сезонность'!$C$2*'Сезонность'!$B$2) | C3: =MAX(0,'Хранение до конца ноября'!F3-'Хранение до конца ноября'!H3*'Сезонность'!$C$2*'Сезонность'!$E$2*'Сезонность'!$B$2) | D3: ='Хранение до конца ноября'!D3*(('Хранение до конца ноября'!E3+B3)/2+('Хранение до конца ноября'!F3+C3)/2)*'Сезонность'!$B$2 | E3: =MAX(0,B3-'Хранение до конца ноября'!H3*'Сезонность'!$C$3*'Сезонность'!$B$3) | F3: =MAX(0,C3-'Хранение до конца ноября'!H3*'Сезонность'!$C$3*'Сезонность'!$E$3*'Сезонность'!$B$3) | G3: ='Хранение до конца ноября'!D3*((B3+E3)/2+(C3+F3)/2)*'Сезонность'!$B$3 | H3: =MAX(0,E3-'Хранение до конца ноября'!H3*'Сезонность'!$C$4*'Сезонность'!$B$4) | I3: =MAX(0,F3-'Хранение до конца ноября'!H3*'Сезонность'!$C$4*'Сезонность'!$E$4*'Сезонность'!$B$4) | J3: ='Хранение до конца ноября'!D3*((E3+H3)/2+(F3+I3)/2)*'Сезонность'!$B$4 | K3: =MAX(0,H3-'Хранение до конца ноября'!H3*'Сезонность'!$C$5*'Сезонность'!$B$5) | L3: =MAX(0,I3-'Хранение до конца ноября'!H3*'Сезонность'!$C$5*'Сезонность'!$E$5*'Сезонность'!$B$5) | M3: ='Хранение до конца ноября'!D3*((H3+K3)/2+(I3+L3)/2)*'Сезонность'!$B$5 | N3: =MAX(0,K3-'Хранение до конца ноября'!H3*'Сезонность'!$C$6*'Сезонность'!$B$6) | O3: =MAX(0,L3-'Хранение до конца ноября'!H3*'Сезонность'!$C$6*'Сезонность'!$E$6*'Сезонность'!$B$6) | P3: ='Хранение до конца ноября'!D3*((K3+N3)/2+(L3+O3)/2)*'Сезонность'!$B$6 | Q3: =MAX(0,N3-'Хранение до конца ноября'!H3*'Сезонность'!$C$7*'Сезонность'!$B$7) | R3: =MAX(0,O3-'Хранение до конца ноября'!H3*'Сезонность'!$C$7*'Сезонность'!$E$7*'Сезонность'!$B$7) | S3: ='Хранение до конца ноября'!D3*((N3+Q3)/2+(O3+R3)/2)*'Сезонность'!$B$7 | T3: =D3+G3+J3+M3+P3+S3 | U3: =Q3+R3
A4: ='Хранение до конца ноября'!A4 | B4: =MAX(0,'Хранение до конца ноября'!E4-'Хранение до конца ноября'!H4*'Сезонность'!$C$2*'Сезонность'!$B$2) | C4: =MAX(0,'Хранение до конца ноября'!F4-'Хранение до конца ноября'!H4*'Сезонность'!$C$2*'Сезонность'!$E$2*'Сезонность'!$B$2) | D4: ='Хранение до конца ноября'!D4*(('Хранение до конца ноября'!E4+B4)/2+('Хранение до конца ноября'!F4+C4)/2)*'Сезонность'!$B$2 | E4: =MAX(0,B4-'Хранение до конца ноября'!H4*'Сезонность'!$C$3*'Сезонность'!$B$3) | F4: =MAX(0,C4-'Хранение до конца ноября'!H4*'Сезонность'!$C$3*'Сезонность'!$E$3*'Сезонность'!$B$3) | G4: ='Хранение до конца ноября'!D4*((B4+E4)/2+(C4+F4)/2)*'Сезонность'!$B$3 | H4: =MAX(0,E4-'Хранение до конца ноября'!H4*'Сезонность'!$C$4*'Сезонность'!$B$4) | I4: =MAX(0,F4-'Хранение до конца ноября'!H4*'Сезонность'!$C$4*'Сезонность'!$E$4*'Сезонность'!$B$4) | J4: ='Хранение до конца ноября'!D4*((E4+H4)/2+(F4+I4)/2)*'Сезонность'!$B$4 | K4: =MAX(0,H4-'Хранение до конца ноября'!H4*'Сезонность'!$C$5*'Сезонность'!$B$5) | L4: =MAX(0,I4-'Хранение до конца ноября'!H4*'Сезонность'!$C$5*'Сезонность'!$E$5*'Сезонность'!$B$5) | M4: ='Хранение до конца ноября'!D4*((H4+K4)/2+(I4+L4)/2)*'Сезонность'!$B$5 | N4: =MAX(0,K4-'Хранение до конца ноября'!H4*'Сезонность'!$C$6*'Сезонность'!$B$6) | O4: =MAX(0,L4-'Хранение до конца ноября'!H4*'Сезонность'!$C$6*'Сезонность'!$E$6*'Сезонность'!$B$6) | P4: ='Хранение до конца ноября'!D4*((K4+N4)/2+(L4+O4)/2)*'Сезонность'!$B$6 | Q4: =MAX(0,N4-'Хранение до конца ноября'!H4*'Сезонность'!$C$7*'Сезонность'!$B$7) | R4: =MAX(0,O4-'Хранение до конца ноября'!H4*'Сезонность'!$C$7*'Сезонность'!$E$7*'Сезонность'!$B$7) | S4: ='Хранение до конца ноября'!D4*((N4+Q4)/2+(O4+R4)/2)*'Сезонность'!$B$7 | T4: =D4+G4+J4+M4+P4+S4 | U4: =Q4+R4
A5: ='Хранение до конца ноября'!A5 | B5: =MAX(0,'Хранение до конца ноября'!E5-'Хранение до конца ноября'!H5*'Сезонность'!$C$2*'Сезонность'!$B$2) | C5: =MAX(0,'Хранение до конца ноября'!F5-'Хранение до конца ноября'!H5*'Сезонность'!$C$2*'Сезонность'!$E$2*'Сезонность'!$B$2) | D5: ='Хранение до конца ноября'!D5*(('Хранение до конца ноября'!E5+B5)/2+('Хранение до конца ноября'!F5+C5)/2)*'Сезонность'!$B$2 | E5: =MAX(0,B5-'Хранение до конца ноября'!H5*'Сезонность'!$C$3*'Сезонность'!$B$3) | F5: =MAX(0,C5-'Хранение до конца ноября'!H5*'Сезонность'!$C$3*'Сезонность'!$E$3*'Сезонность'!$B$3) | G5: ='Хранение до конца ноября'!D5*((B5+E5)/2+(C5+F5)/2)*'Сезонность'!$B$3 | H5: =MAX(0,E5-'Хранение до конца ноября'!H5*'Сезонность'!$C$4*'Сезонность'!$B$4) | I5: =MAX(0,F5-'Хранение до конца ноября'!H5*'Сезонность'!$C$4*'Сезонность'!$E$4*'Сезонность'!$B$4) | J5: ='Хранение до конца ноября'!D5*((E5+H5)/2+(F5+I5)/2)*'Сезонность'!$B$4 | K5: =MAX(0,H5-'Хранение до конца ноября'!H5*'Сезонность'!$C$5*'Сезонность'!$B$5) | L5: =MAX(0,I5-'Хранение до конца ноября'!H5*'Сезонность'!$C$5*'Сезонность'!$E$5*'Сезонность'!$B$5) | M5: ='Хранение до конца ноября'!D5*((H5+K5)/2+(I5+L5)/2)*'Сезонность'!$B$5 | N5: =MAX(0,K5-'Хранение до конца ноября'!H5*'Сезонность'!$C$6*'Сезонность'!$B$6) | O5: =MAX(0,L5-'Хранение до конца ноября'!H5*'Сезонность'!$C$6*'Сезонность'!$E$6*'Сезонность'!$B$6) | P5: ='Хранение до конца ноября'!D5*((K5+N5)/2+(L5+O5)/2)*'Сезонность'!$B$6 | Q5: =MAX(0,N5-'Хранение до конца ноября'!H5*'Сезонность'!$C$7*'Сезонность'!$B$7) | R5: =MAX(0,O5-'Хранение до конца ноября'!H5*'Сезонность'!$C$7*'Сезонность'!$E$7*'Сезонность'!$B$7) | S5: ='Хранение до конца ноября'!D5*((N5+Q5)/2+(O5+R5)/2)*'Сезонность'!$B$7 | T5: =D5+G5+J5+M5+P5+S5 | U5: =Q5+R5
A6: ='Хранение до конца ноября'!A6 | B6: =MAX(0,'Хранение до конца ноября'!E6-'Хранение до конца ноября'!H6*'Сезонность'!$C$2*'Сезонность'!$B$2) | C6: =MAX(0,'Хранение до конца ноября'!F6-'Хранение до конца ноября'!H6*'Сезонность'!$C$2*'Сезонность'!$E$2*'Сезонность'!$B$2) | D6: ='Хранение до конца ноября'!D6*(('Хранение до конца ноября'!E6+B6)/2+('Хранение до конца ноября'!F6+C6)/2)*'Сезонность'!$B$2 | E6: =MAX(0,B6-'Хранение до конца ноября'!H6*'Сезонность'!$C$3*'Сезонность'!$B$3) | F6: =MAX(0,C6-'Хранение до конца ноября'!H6*'Сезонность'!$C$3*'Сезонность'!$E$3*'Сезонность'!$B$3) | G6: ='Хранение до конца ноября'!D6*((B6+E6)/2+(C6+F6)/2)*'Сезонность'!$B$3 | H6: =MAX(0,E6-'Хранение до конца ноября'!H6*'Сезонность'!$C$4*'Сезонность'!$B$4) | I6: =MAX(0,F6-'Хранение до конца ноября'!H6*'Сезонность'!$C$4*'Сезонность'!$E$4*'Сезонность'!$B$4) | J6: ='Хранение до конца ноября'!D6*((E6+H6)/2+(F6+I6)/2)*'Сезонность'!$B$4 | K6: =MAX(0,H6-'Хранение до конца ноября'!H6*'Сезонность'!$C$5*'Сезонность'!$B$5) | L6: =MAX(0,I6-'Хранение до конца ноября'!H6*'Сезонность'!$C$5*'Сезонность'!$E$5*'Сезонность'!$B$5) | M6: ='Хранение до конца ноября'!D6*((H6+K6)/2+(I6+L6)/2)*'Сезонность'!$B$5 | N6: =MAX(0,K6-'Хранение до конца ноября'!H6*'Сезонность'!$C$6*'Сезонность'!$B$6) | O6: =MAX(0,L6-'Хранение до конца ноября'!H6*'Сезонность'!$C$6*'Сезонность'!$E$6*'Сезонность'!$B$6) | P6: ='Хранение до конца ноября'!D6*((K6+N6)/2+(L6+O6)/2)*'Сезонность'!$B$6 | Q6: =MAX(0,N6-'Хранение до конца ноября'!H6*'Сезонность'!$C$7*'Сезонность'!$B$7) | R6: =MAX(0,O6-'Хранение до конца ноября'!H6*'Сезонность'!$C$7*'Сезонность'!$E$7*'Сезонность'!$B$7) | S6: ='Хранение до конца ноября'!D6*((N6+Q6)/2+(O6+R6)/2)*'Сезонность'!$B$7 | T6: =D6+G6+J6+M6+P6+S6 | U6: =Q6+R6
A7: ='Хранение до конца ноября'!A7 | B7: =MAX(0,'Хранение до конца ноября'!E7-'Хранение до конца ноября'!H7*'Сезонность'!$C$2*'Сезонность'!$B$2) | C7: =MAX(0,'Хранение до конца ноября'!F7-'Хранение до конца ноября'!H7*'Сезонность'!$C$2*'Сезонность'!$E$2*'Сезонность'!$B$2) | D7: ='Хранение до конца ноября'!D7*(('Хранение до конца ноября'!E7+B7)/2+('Хранение до конца ноября'!F7+C7)/2)*'Сезонность'!$B$2 | E7: =MAX(0,B7-'Хранение до конца ноября'!H7*'Сезонность'!$C$3*'Сезонность'!$B$3) | F7: =MAX(0,C7-'Хранение до конца ноября'!H7*'Сезонность'!$C$3*'Сезонность'!$E$3*'Сезонность'!$B$3) | G7: ='Хранение до конца ноября'!D7*((B7+E7)/2+(C7+F7)/2)*'Сезонность'!$B$3 | H7: =MAX(0,E7-'Хранение до конца ноября'!H7*'Сезонность'!$C$4*'Сезонность'!$B$4) | I7: =MAX(0,F7-'Хранение до конца ноября'!H7*'Сезонность'!$C$4*'Сезонность'!$E$4*'Сезонность'!$B$4) | J7: ='Хранение до конца ноября'!D7*((E7+H7)/2+(F7+I7)/2)*'Сезонность'!$B$4 | K7: =MAX(0,H7-'Хранение до конца ноября'!H7*'Сезонность'!$C$5*'Сезонность'!$B$5) | L7: =MAX(0,I7-'Хранение до конца ноября'!H7*'Сезонность'!$C$5*'Сезонность'!$E$5*'Сезонность'!$B$5) | M7: ='Хранение до конца ноября'!D7*((H7+K7)/2+(I7+L7)/2)*'Сезонность'!$B$5 | N7: =MAX(0,K7-'Хранение до конца ноября'!H7*'Сезонность'!$C$6*'Сезонность'!$B$6) | O7: =MAX(0,L7-'Хранение до конца ноября'!H7*'Сезонность'!$C$6*'Сезонность'!$E$6*'Сезонность'!$B$6) | P7: ='Хранение до конца ноября'!D7*((K7+N7)/2+(L7+O7)/2)*'Сезонность'!$B$6 | Q7: =MAX(0,N7-'Хранение до конца ноября'!H7*'Сезонность'!$C$7*'Сезонность'!$B$7) | R7: =MAX(0,O7-'Хранение до конца ноября'!H7*'Сезонность'!$C$7*'Сезонность'!$E$7*'Сезонность'!$B$7) | S7: ='Хранение до конца ноября'!D7*((N7+Q7)/2+(O7+R7)/2)*'Сезонность'!$B$7 | T7: =D7+G7+J7+M7+P7+S7 | U7: =Q7+R7
A8: ='Хранение до конца ноября'!A8 | B8: =MAX(0,'Хранение до конца ноября'!E8-'Хранение до конца ноября'!H8*'Сезонность'!$C$2*'Сезонность'!$B$2) | C8: =MAX(0,'Хранение до конца ноября'!F8-'Хранение до конца ноября'!H8*'Сезонность'!$C$2*'Сезонность'!$E$2*'Сезонность'!$B$2) | D8: ='Хранение до конца ноября'!D8*(('Хранение до конца ноября'!E8+B8)/2+('Хранение до конца ноября'!F8+C8)/2)*'Сезонность'!$B$2 | E8: =MAX(0,B8-'Хранение до конца ноября'!H8*'Сезонность'!$C$3*'Сезонность'!$B$3) | F8: =MAX(0,C8-'Хранение до конца ноября'!H8*'Сезонность'!$C$3*'Сезонность'!$E$3*'Сезонность'!$B$3) | G8: ='Хранение до конца ноября'!D8*((B8+E8)/2+(C8+F8)/2)*'Сезонность'!$B$3 | H8: =MAX(0,E8-'Хранение до конца ноября'!H8*'Сезонность'!$C$4*'Сезонность'!$B$4) | I8: =MAX(0,F8-'Хранение до конца ноября'!H8*'Сезонность'!$C$4*'Сезонность'!$E$4*'Сезонность'!$B$4) | J8: ='Хранение до конца ноября'!D8*((E8+H8)/2+(F8+I8)/2)*'Сезонность'!$B$4 | K8: =MAX(0,H8-'Хранение до конца ноября'!H8*'Сезонность'!$C$5*'Сезонность'!$B$5) | L8: =MAX(0,I8-'Хранение до конца ноября'!H8*'Сезонность'!$C$5*'Сезонность'!$E$5*'Сезонность'!$B$5) | M8: ='Хранение до конца ноября'!D8*((H8+K8)/2+(I8+L8)/2)*'Сезонность'!$B$5 | N8: =MAX(0,K8-'Хранение до конца ноября'!H8*'Сезонность'!$C$6*'Сезонность'!$B$6) | O8: =MAX(0,L8-'Хранение до конца ноября'!H8*'Сезонность'!$C$6*'Сезонность'!$E$6*'Сезонность'!$B$6) | P8: ='Хранение до конца ноября'!D8*((K8+N8)/2+(L8+O8)/2)*'Сезонность'!$B$6 | Q8: =MAX(0,N8-'Хранение до конца ноября'!H8*'Сезонность'!$C$7*'Сезонность'!$B$7) | R8: =MAX(0,O8-'Хранение до конца ноября'!H8*'Сезонность'!$C$7*'Сезонность'!$E$7*'Сезонность'!$B$7) | S8: ='Хранение до конца ноября'!D8*((N8+Q8)/2+(O8+R8)/2)*'Сезонность'!$B$7 | T8: =D8+G8+J8+M8+P8+S8 | U8: =Q8+R8
A9: ='Хранение до конца ноября'!A9 | B9: =MAX(0,'Хранение до конца ноября'!E9-'Хранение до конца ноября'!H9*'Сезонность'!$C$2*'Сезонность'!$B$2) | C9: =MAX(0,'Хранение до конца ноября'!F9-'Хранение до конца ноября'!H9*'Сезонность'!$C$2*'Сезонность'!$E$2*'Сезонность'!$B$2) | D9: ='Хранение до конца ноября'!D9*(('Хранение до конца ноября'!E9+B9)/2+('Хранение до конца ноября'!F9+C9)/2)*'Сезонность'!$B$2 | E9: =MAX(0,B9-'Хранение до конца ноября'!H9*'Сезонность'!$C$3*'Сезонность'!$B$3) | F9: =MAX(0,C9-'Хранение до конца ноября'!H9*'Сезонность'!$C$3*'Сезонность'!$E$3*'Сезонность'!$B$3) | G9: ='Хранение до конца ноября'!D9*((B9+E9)/2+(C9+F9)/2)*'Сезонность'!$B$3 | H9: =MAX(0,E9-'Хранение до конца ноября'!H9*'Сезонность'!$C$4*'Сезонность'!$B$4) | I9: =MAX(0,F9-'Хранение до конца ноября'!H9*'Сезонность'!$C$4*'Сезонность'!$E$4*'Сезонность'!$B$4) | J9: ='Хранение до конца ноября'!D9*((E9+H9)/2+(F9+I9)/2)*'Сезонность'!$B$4 | K9: =MAX(0,H9-'Хранение до конца ноября'!H9*'Сезонность'!$C$5*'Сезонность'!$B$5) | L9: =MAX(0,I9-'Хранение до конца ноября'!H9*'Сезонность'!$C$5*'Сезонность'!$E$5*'Сезонность'!$B$5) | M9: ='Хранение до конца ноября'!D9*((H9+K9)/2+(I9+L9)/2)*'Сезонность'!$B$5 | N9: =MAX(0,K9-'Хранение до конца ноября'!H9*'Сезонность'!$C$6*'Сезонность'!$B$6) | O9: =MAX(0,L9-'Хранение до конца ноября'!H9*'Сезонность'!$C$6*'Сезонность'!$E$6*'Сезонность'!$B$6) | P9: ='Хранение до конца ноября'!D9*((K9+N9)/2+(L9+O9)/2)*'Сезонность'!$B$6 | Q9: =MAX(0,N9-'Хранение до конца ноября'!H9*'Сезонность'!$C$7*'Сезонность'!$B$7) | R9: =MAX(0,O9-'Хранение до конца ноября'!H9*'Сезонность'!$C$7*'Сезонность'!$E$7*'Сезонность'!$B$7) | S9: ='Хранение до конца ноября'!D9*((N9+Q9)/2+(O9+R9)/2)*'Сезонность'!$B$7 | T9: =D9+G9+J9+M9+P9+S9 | U9: =Q9+R9
A10: ='Хранение до конца ноября'!A10 | B10: =MAX(0,'Хранение до конца ноября'!E10-'Хранение до конца ноября'!H10*'Сезонность'!$C$2*'Сезонность'!$B$2) | C10: =MAX(0,'Хранение до конца ноября'!F10-'Хранение до конца ноября'!H10*'Сезонность'!$C$2*'Сезонность'!$E$2*'Сезонность'!$B$2) | D10: ='Хранение до конца ноября'!D10*(('Хранение до конца ноября'!E10+B10)/2+('Хранение до конца ноября'!F10+C10)/2)*'Сезонность'!$B$2 | E10: =MAX(0,B10-'Хранение до конца ноября'!H10*'Сезонность'!$C$3*'Сезонность'!$B$3) | F10: =MAX(0,C10-'Хранение до конца ноября'!H10*'Сезонность'!$C$3*'Сезонность'!$E$3*'Сезонность'!$B$3) | G10: ='Хранение до конца ноября'!D10*((B10+E10)/2+(C10+F10)/2)*'Сезонность'!$B$3 | H10: =MAX(0,E10-'Хранение до конца ноября'!H10*'Сезонность'!$C$4*'Сезонность'!$B$4) | I10: =MAX(0,F10-'Хранение до конца ноября'!H10*'Сезонность'!$C$4*'Сезонность'!$E$4*'Сезонность'!$B$4) | J10: ='Хранение до конца ноября'!D10*((E10+H10)/2+(F10+I10)/2)*'Сезонность'!$B$4 | K10: =MAX(0,H10-'Хранение до конца ноября'!H10*'Сезонность'!$C$5*'Сезонность'!$B$5) | L10: =MAX(0,I10-'Хранение до конца ноября'!H10*'Сезонность'!$C$5*'Сезонность'!$E$5*'Сезонность'!$B$5) | M10: ='Хранение до конца ноября'!D10*((H10+K10)/2+(I10+L10)/2)*'Сезонность'!$B$5 | N10: =MAX(0,K10-'Хранение до конца ноября'!H10*'Сезонность'!$C$6*'Сезонность'!$B$6) | O10: =MAX(0,L10-'Хранение до конца ноября'!H10*'Сезонность'!$C$6*'Сезонность'!$E$6*'Сезонность'!$B$6) | P10: ='Хранение до конца ноября'!D10*((K10+N10)/2+(L10+O10)/2)*'Сезонность'!$B$6 | Q10: =MAX(0,N10-'Хранение до конца ноября'!H10*'Сезонность'!$C$7*'Сезонность'!$B$7) | R10: =MAX(0,O10-'Хранение до конца ноября'!H10*'Сезонность'!$C$7*'Сезонность'!$E$7*'Сезонность'!$B$7) | S10: ='Хранение до конца ноября'!D10*((N10+Q10)/2+(O10+R10)/2)*'Сезонность'!$B$7 | T10: =D10+G10+J10+M10+P10+S10 | U10: =Q10+R10
A11: ='Хранение до конца ноября'!A11 | B11: =MAX(0,'Хранение до конца ноября'!E11-'Хранение до конца ноября'!H11*'Сезонность'!$C$2*'Сезонность'!$B$2) | C11: =MAX(0,'Хранение до конца ноября'!F11-'Хранение до конца ноября'!H11*'Сезонность'!$C$2*'Сезонность'!$E$2*'Сезонность'!$B$2) | D11: ='Хранение до конца ноября'!D11*(('Хранение до конца ноября'!E11+B11)/2+('Хранение до конца ноября'!F11+C11)/2)*'Сезонность'!$B$2 | E11: =MAX(0,B11-'Хранение до конца ноября'!H11*'Сезонность'!$C$3*'Сезонность'!$B$3) | F11: =MAX(0,C11-'Хранение до конца ноября'!H11*'Сезонность'!$C$3*'Сезонность'!$E$3*'Сезонность'!$B$3) | G11: ='Хранение до конца ноября'!D11*((B11+E11)/2+(C11+F11)/2)*'Сезонность'!$B$3 | H11: =MAX(0,E11-'Хранение до конца ноября'!H11*'Сезонность'!$C$4*'Сезонность'!$B$4) | I11: =MAX(0,F11-'Хранение до конца ноября'!H11*'Сезонность'!$C$4*'Сезонность'!$E$4*'Сезонность'!$B$4) | J11: ='Хранение до конца ноября'!D11*((E11+H11)/2+(F11+I11)/2)*'Сезонность'!$B$4 | K11: =MAX(0,H11-'Хранение до конца ноября'!H11*'Сезонность'!$C$5*'Сезонность'!$B$5) | L11: =MAX(0,I11-'Хранение до конца ноября'!H11*'Сезонность'!$C$5*'Сезонность'!$E$5*'Сезонность'!$B$5) | M11: ='Хранение до конца ноября'!D11*((H11+K11)/2+(I11+L11)/2)*'Сезонность'!$B$5 | N11: =MAX(0,K11-'Хранение до конца ноября'!H11*'Сезонность'!$C$6*'Сезонность'!$B$6) | O11: =MAX(0,L11-'Хранение до конца ноября'!H11*'Сезонность'!$C$6*'Сезонность'!$E$6*'Сезонность'!$B$6) | P11: ='Хранение до конца ноября'!D11*((K11+N11)/2+(L11+O11)/2)*'Сезонность'!$B$6 | Q11: =MAX(0,N11-'Хранение до конца ноября'!H11*'Сезонность'!$C$7*'Сезонность'!$B$7) | R11: =MAX(0,O11-'Хранение до конца ноября'!H11*'Сезонность'!$C$7*'Сезонность'!$E$7*'Сезонность'!$B$7) | S11: ='Хранение до конца ноября'!D11*((N11+Q11)/2+(O11+R11)/2)*'Сезонность'!$B$7 | T11: =D11+G11+J11+M11+P11+S11 | U11: =Q11+R11
A12: ='Хранение до конца ноября'!A12 | B12: =MAX(0,'Хранение до конца ноября'!E12-'Хранение до конца ноября'!H12*'Сезонность'!$C$2*'Сезонность'!$B$2) | C12: =MAX(0,'Хранение до конца ноября'!F12-'Хранение до конца ноября'!H12*'Сезонность'!$C$2*'Сезонность'!$E$2*'Сезонность'!$B$2) | D12: ='Хранение до конца ноября'!D12*(('Хранение до конца ноября'!E12+B12)/2+('Хранение до конца ноября'!F12+C12)/2)*'Сезонность'!$B$2 | E12: =MAX(0,B12-'Хранение до конца ноября'!H12*'Сезонность'!$C$3*'Сезонность'!$B$3) | F12: =MAX(0,C12-'Хранение до конца ноября'!H12*'Сезонность'!$C$3*'Сезонность'!$E$3*'Сезонность'!$B$3) | G12: ='Хранение до конца ноября'!D12*((B12+E12)/2+(C12+F12)/2)*'Сезонность'!$B$3 | H12: =MAX(0,E12-'Хранение до конца ноября'!H12*'Сезонность'!$C$4*'Сезонность'!$B$4) | I12: =MAX(0,F12-'Хранение до конца ноября'!H12*'Сезонность'!$C$4*'Сезонность'!$E$4*'Сезонность'!$B$4) | J12: ='Хранение до конца ноября'!D12*((E12+H12)/2+(F12+I12)/2)*'Сезонность'!$B$4 | K12: =MAX(0,H12-'Хранение до конца ноября'!H12*'Сезонность'!$C$5*'Сезонность'!$B$5) | L12: =MAX(0,I12-'Хранение до конца ноября'!H12*'Сезонность'!$C$5*'Сезонность'!$E$5*'Сезонность'!$B$5) | M12: ='Хранение до конца ноября'!D12*((H12+K12)/2+(I12+L12)/2)*'Сезонность'!$B$5 | N12: =MAX(0,K12-'Хранение до конца ноября'!H12*'Сезонность'!$C$6*'Сезонность'!$B$6) | O12: =MAX(0,L12-'Хранение до конца ноября'!H12*'Сезонность'!$C$6*'Сезонность'!$E$6*'Сезонность'!$B$6) | P12: ='Хранение до конца ноября'!D12*((K12+N12)/2+(L12+O12)/2)*'Сезонность'!$B$6 | Q12: =MAX(0,N12-'Хранение до конца ноября'!H12*'Сезонность'!$C$7*'Сезонность'!$B$7) | R12: =MAX(0,O12-'Хранение до конца ноября'!H12*'Сезонность'!$C$7*'Сезонность'!$E$7*'Сезонность'!$B$7) | S12: ='Хранение до конца ноября'!D12*((N12+Q12)/2+(O12+R12)/2)*'Сезонность'!$B$7 | T12: =D12+G12+J12+M12+P12+S12 | U12: =Q12+R12
A13: ='Хранение до конца ноября'!A13 | B13: =MAX(0,'Хранение до конца ноября'!E13-'Хранение до конца ноября'!H13*'Сезонность'!$C$2*'Сезонность'!$B$2) | C13: =MAX(0,'Хранение до конца ноября'!F13-'Хранение до конца ноября'!H13*'Сезонность'!$C$2*'Сезонность'!$E$2*'Сезонность'!$B$2) | D13: ='Хранение до конца ноября'!D13*(('Хранение до конца ноября'!E13+B13)/2+('Хранение до конца ноября'!F13+C13)/2)*'Сезонность'!$B$2 | E13: =MAX(0,B13-'Хранение до конца ноября'!H13*'Сезонность'!$C$3*'Сезонность'!$B$3) | F13: =MAX(0,C13-'Хранение до конца ноября'!H13*'Сезонность'!$C$3*'Сезонность'!$E$3*'Сезонность'!$B$3) | G13: ='Хранение до конца ноября'!D13*((B13+E13)/2+(C13+F13)/2)*'Сезонность'!$B$3 | H13: =MAX(0,E13-'Хранение до конца ноября'!H13*'Сезонность'!$C$4*'Сезонность'!$B$4) | I13: =MAX(0,F13-'Хранение до конца ноября'!H13*'Сезонность'!$C$4*'Сезонность'!$E$4*'Сезонность'!$B$4) | J13: ='Хранение до конца ноября'!D13*((E13+H13)/2+(F13+I13)/2)*'Сезонность'!$B$4 | K13: =MAX(0,H13-'Хранение до конца ноября'!H13*'Сезонность'!$C$5*'Сезонность'!$B$5) | L13: =MAX(0,I13-'Хранение до конца ноября'!H13*'Сезонность'!$C$5*'Сезонность'!$E$5*'Сезонность'!$B$5) | M13: ='Хранение до конца ноября'!D13*((H13+K13)/2+(I13+L13)/2)*'Сезонность'!$B$5 | N13: =MAX(0,K13-'Хранение до конца ноября'!H13*'Сезонность'!$C$6*'Сезонность'!$B$6) | O13: =MAX(0,L13-'Хранение до конца ноября'!H13*'Сезонность'!$C$6*'Сезонность'!$E$6*'Сезонность'!$B$6) | P13: ='Хранение до конца ноября'!D13*((K13+N13)/2+(L13+O13)/2)*'Сезонность'!$B$6 | Q13: =MAX(0,N13-'Хранение до конца ноября'!H13*'Сезонность'!$C$7*'Сезонность'!$B$7) | R13: =MAX(0,O13-'Хранение до конца ноября'!H13*'Сезонность'!$C$7*'Сезонность'!$E$7*'Сезонность'!$B$7) | S13: ='Хранение до конца ноября'!D13*((N13+Q13)/2+(O13+R13)/2)*'Сезонность'!$B$7 | T13: =D13+G13+J13+M13+P13+S13 | U13: =Q13+R13
... A59: ='Хранение до конца ноября'!A59 | B59: =MAX(0,'Хранение до конца ноября'!E59-'Хранение до конца ноября'!H59*'Сезонность'!$C$2*'Сезонность'!$B$2) | C59: =MAX(0,'Хранение до конца ноября'!F59-'Хранение до конца ноября'!H59*'Сезонность'!$C$2*'Сезонность'!$E$2*'Сезонность'!$B$2) | D59: ='Хранение до конца ноября'!D59*(('Хранение до конца ноября'!E59+B59)/2+('Хранение до конца ноября'!F59+C59)/2)*'Сезонность'!$B$2 | E59: =MAX(0,B59-'Хранение до конца ноября'!H59*'Сезонность'!$C$3*'Сезонность'!$B$3) | F59: =MAX(0,C59-'Хранение до конца ноября'!H59*'Сезонность'!$C$3*'Сезонность'!$E$3*'Сезонность'!$B$3) | G59: ='Хранение до конца ноября'!D59*((B59+E59)/2+(C59+F59)/2)*'Сезонность'!$B$3 | H59: =MAX(0,E59-'Хранение до конца ноября'!H59*'Сезонность'!$C$4*'Сезонность'!$B$4) | I59: =MAX(0,F59-'Хранение до конца ноября'!H59*'Сезонность'!$C$4*'Сезонность'!$E$4*'Сезонность'!$B$4) | J59: ='Хранение до конца ноября'!D59*((E59+H59)/2+(F59+I59)/2)*'Сезонность'!$B$4 | K59: =MAX(0,H59-'Хранение до конца ноября'!H59*'Сезонность'!$C$5*'Сезонность'!$B$5) | L59: =MAX(0,I59-'Хранение до конца ноября'!H59*'Сезонность'!$C$5*'Сезонность'!$E$5*'Сезонность'!$B$5) | M59: ='Хранение до конца ноября'!D59*((H59+K59)/2+(I59+L59)/2)*'Сезонность'!$B$5 | N59: =MAX(0,K59-'Хранение до конца ноября'!H59*'Сезонность'!$C$6*'Сезонность'!$B$6) | O59: =MAX(0,L59-'Хранение до конца ноября'!H59*'Сезонность'!$C$6*'Сезонность'!$E$6*'Сезонность'!$B$6) | P59: ='Хранение до конца ноября'!D59*((K59+N59)/2+(L59+O59)/2)*'Сезонность'!$B$6 | Q59: =MAX(0,N59-'Хранение до конца ноября'!H59*'Сезонность'!$C$7*'Сезонность'!$B$7) | R59: =MAX(0,O59-'Хранение до конца ноября'!H59*'Сезонность'!$C$7*'Сезонность'!$E$7*'Сезонность'!$B$7) | S59: ='Хранение до конца ноября'!D59*((N59+Q59)/2+(O59+R59)/2)*'Сезонность'!$B$7 | T59: =D59+G59+J59+M59+P59+S59 | U59: =Q59+R59
