Workbook

Sheet Хранение до ноября
A1: Артикул ВБ | B1: Наименование | C1: Остаток без ЧЗ, шт | D1: Ставка хранения/день, руб (ВПР) | E1: Выкупы за 100 дн, шт (ВПР) | F1: Выкуп/день базовый | G1: Хранение в месяц (30 дн), руб | H1: Хранение до ноября без продаж, руб | I1: Хранение до ноября с продажами (без сезонности), руб | J1: Хранение до ноября С СЕЗОННОСТЬЮ, руб | K1: Остаток к 01.11 (с сезонностью), шт | L1: ост.июнь | M1: хран.июнь | N1: ост.июль | O1: хран.июль | P1: ост.авг | Q1: хран.авг | R1: ост.сен | S1: хран.сен | T1: ост.окт | U1: хран.окт
A2: 204258828 | B2: COSRX - Salicylic Acid Daily Gentle Cleanser [150ml] / Пенка с салициловой кислотой для проблемной кожи | C2: 556 | D2: =VLOOKUP(A2,'Данные хранения'!$A$2:$B$205,2,0) | E2: =VLOOKUP(A2,'Данные продаж'!$A$2:$B$490,2,0) | F2: =E2/'Параметры'!$B$4 | G2: =D2*'Параметры'!$B$3*C2 | H2: =D2*'Параметры'!$B$2*C2 | I2: =D2*IF(F2=0,C2*'Параметры'!$B$2,IF(C2/F2>='Параметры'!$B$2,C2*'Параметры'!$B$2-F2*'Параметры'!$B$2*('Параметры'!$B$2-1)/2,C2*C2/(2*F2))) | J2: =M2+O2+Q2+S2+U2 | K2: =T2 | L2: =MAX(0,C2-F2*'Сезонность'!$C$2*'Сезонность'!$B$2) | M2: =D2*(C2+L2)/2*'Сезонность'!$B$2 | N2: =MAX(0,L2-F2*'Сезонность'!$C$3*'Сезонность'!$B$3) | O2: =D2*(L2+N2)/2*'Сезонность'!$B$3 | P2: =MAX(0,N2-F2*'Сезонность'!$C$4*'Сезонность'!$B$4) | Q2: =D2*(N2+P2)/2*'Сезонность'!$B$4 | R2: =MAX(0,P2-F2*'Сезонность'!$C$5*'Сезонность'!$B$5) | S2: =D2*(P2+R2)/2*'Сезонность'!$B$5 | T2: =MAX(0,R2-F2*'Сезонность'!$C$6*'Сезонность'!$B$6) | U2: =D2*(R2+T2)/2*'Сезонность'!$B$6
A3: 214304883 | B3: DEOPROCE - SNAIL RECOVERY CREAM [100g] / Крем восстанавливающий с муцином улитки | C3: 73 | D3: =VLOOKUP(A3,'Данные хранения'!$A$2:$B$205,2,0) | E3: =VLOOKUP(A3,'Данные продаж'!$A$2:$B$490,2,0) | F3: =E3/'Параметры'!$B$4 | G3: =D3*'Параметры'!$B$3*C3 | H3: =D3*'Параметры'!$B$2*C3 | I3: =D3*IF(F3=0,C3*'Параметры'!$B$2,IF(C3/F3>='Параметры'!$B$2,C3*'Параметры'!$B$2-F3*'Параметры'!$B$2*('Параметры'!$B$2-1)/2,C3*C3/(2*F3))) | J3: =M3+O3+Q3+S3+U3 | K3: =T3 | L3: =MAX(0,C3-F3*'Сезонность'!$C$2*'Сезонность'!$B$2) | M3: =D3*(C3+L3)/2*'Сезонность'!$B$2 | N3: =MAX(0,L3-F3*'Сезонность'!$C$3*'Сезонность'!$B$3) | O3: =D3*(L3+N3)/2*'Сезонность'!$B$3 | P3: =MAX(0,N3-F3*'Сезонность'!$C$4*'Сезонность'!$B$4) | Q3: =D3*(N3+P3)/2*'Сезонность'!$B$4 | R3: =MAX(0,P3-F3*'Сезонность'!$C$5*'Сезонность'!$B$5) | S3: =D3*(P3+R3)/2*'Сезонность'!$B$5 | T3: =MAX(0,R3-F3*'Сезонность'!$C$6*'Сезонность'!$B$6) | U3: =D3*(R3+T3)/2*'Сезонность'!$B$6
A4: 608837066 | B4: DEOPROCE SHAMPOO - BLACK GARLIC INTENSME ENERGY [600ml] мягкая упаковка Шампунь с черным чесноком против выпадения волос | C4: 125 | D4: =VLOOKUP(A4,'Данные хранения'!$A$2:$B$205,2,0) | E4: =VLOOKUP(A4,'Данные продаж'!$A$2:$B$490,2,0) | F4: =E4/'Параметры'!$B$4 | G4: =D4*'Параметры'!$B$3*C4 | H4: =D4*'Параметры'!$B$2*C4 | I4: =D4*IF(F4=0,C4*'Параметры'!$B$2,IF(C4/F4>='Параметры'!$B$2,C4*'Параметры'!$B$2-F4*'Параметры'!$B$2*('Параметры'!$B$2-1)/2,C4*C4/(2*F4))) | J4: =M4+O4+Q4+S4+U4 | K4: =T4 | L4: =MAX(0,C4-F4*'Сезонность'!$C$2*'Сезонность'!$B$2) | M4: =D4*(C4+L4)/2*'Сезонность'!$B$2 | N4: =MAX(0,L4-F4*'Сезонность'!$C$3*'Сезонность'!$B$3) | O4: =D4*(L4+N4)/2*'Сезонность'!$B$3 | P4: =MAX(0,N4-F4*'Сезонность'!$C$4*'Сезонность'!$B$4) | Q4: =D4*(N4+P4)/2*'Сезонность'!$B$4 | R4: =MAX(0,P4-F4*'Сезонность'!$C$5*'Сезонность'!$B$5) | S4: =D4*(P4+R4)/2*'Сезонность'!$B$5 | T4: =MAX(0,R4-F4*'Сезонность'!$C$6*'Сезонность'!$B$6) | U4: =D4*(R4+T4)/2*'Сезонность'!$B$6
A5: 608624295 | B5: DEOPROCE SHAMPOO - BLACK GARLIC INTENSME ENERGY [600ml] мягкая упаковка с колпачком,Шампунь с черным чесноком против выпадения волос | C5: 144 | D5: =VLOOKUP(A5,'Данные хранения'!$A$2:$B$205,2,0) | E5: =VLOOKUP(A5,'Данные продаж'!$A$2:$B$490,2,0) | F5: =E5/'Параметры'!$B$4 | G5: =D5*'Параметры'!$B$3*C5 | H5: =D5*'Параметры'!$B$2*C5 | I5: =D5*IF(F5=0,C5*'Параметры'!$B$2,IF(C5/F5>='Параметры'!$B$2,C5*'Параметры'!$B$2-F5*'Параметры'!$B$2*('Параметры'!$B$2-1)/2,C5*C5/(2*F5))) | J5: =M5+O5+Q5+S5+U5 | K5: =T5 | L5: =MAX(0,C5-F5*'Сезонность'!$C$2*'Сезонность'!$B$2) | M5: =D5*(C5+L5)/2*'Сезонность'!$B$2 | N5: =MAX(0,L5-F5*'Сезонность'!$C$3*'Сезонность'!$B$3) | O5: =D5*(L5+N5)/2*'Сезонность'!$B$3 | P5: =MAX(0,N5-F5*'Сезонность'!$C$4*'Сезонность'!$B$4) | Q5: =D5*(N5+P5)/2*'Сезонность'!$B$4 | R5: =MAX(0,P5-F5*'Сезонность'!$C$5*'Сезонность'!$B$5) | S5: =D5*(P5+R5)/2*'Сезонность'!$B$5 | T5: =MAX(0,R5-F5*'Сезонность'!$C$6*'Сезонность'!$B$6) | U5: =D5*(R5+T5)/2*'Сезонность'!$B$6
A6: 608841921 | B6: DEOPROCE SHAMPOO - BLACK GARLIC INTENSME ENERGY [200ml]/ Шампунь с черным чесноком против выпадения волос | C6: 550 | D6: =VLOOKUP(A6,'Данные хранения'!$A$2:$B$205,2,0) | E6: =VLOOKUP(A6,'Данные продаж'!$A$2:$B$490,2,0) | F6: =E6/'Параметры'!$B$4 | G6: =D6*'Параметры'!$B$3*C6 | H6: =D6*'Параметры'!$B$2*C6 | I6: =D6*IF(F6=0,C6*'Параметры'!$B$2,IF(C6/F6>='Параметры'!$B$2,C6*'Параметры'!$B$2-F6*'Параметры'!$B$2*('Параметры'!$B$2-1)/2,C6*C6/(2*F6))) | J6: =M6+O6+Q6+S6+U6 | K6: =T6 | L6: =MAX(0,C6-F6*'Сезонность'!$C$2*'Сезонность'!$B$2) | M6: =D6*(C6+L6)/2*'Сезонность'!$B$2 | N6: =MAX(0,L6-F6*'Сезонность'!$C$3*'Сезонность'!$B$3) | O6: =D6*(L6+N6)/2*'Сезонность'!$B$3 | P6: =MAX(0,N6-F6*'Сезонность'!$C$4*'Сезонность'!$B$4) | Q6: =D6*(N6+P6)/2*'Сезонность'!$B$4 | R6: =MAX(0,P6-F6*'Сезонность'!$C$5*'Сезонность'!$B$5) | S6: =D6*(P6+R6)/2*'Сезонность'!$B$5 | T6: =MAX(0,R6-F6*'Сезонность'!$C$6*'Сезонность'!$B$6) | U6: =D6*(R6+T6)/2*'Сезонность'!$B$6
A7: 214305722 | B7: DEOPROCE SHAMPOO+BALSAM - BLACK GARLIC[2000ml] | C7: 610 | D7: =VLOOKUP(A7,'Данные хранения'!$A$2:$B$205,2,0) | E7: =VLOOKUP(A7,'Данные продаж'!$A$2:$B$490,2,0) | F7: =E7/'Параметры'!$B$4 | G7: =D7*'Параметры'!$B$3*C7 | H7: =D7*'Параметры'!$B$2*C7 | I7: =D7*IF(F7=0,C7*'Параметры'!$B$2,IF(C7/F7>='Параметры'!$B$2,C7*'Параметры'!$B$2-F7*'Параметры'!$B$2*('Параметры'!$B$2-1)/2,C7*C7/(2*F7))) | J7: =M7+O7+Q7+S7+U7 | K7: =T7 | L7: =MAX(0,C7-F7*'Сезонность'!$C$2*'Сезонность'!$B$2) | M7: =D7*(C7+L7)/2*'Сезонность'!$B$2 | N7: =MAX(0,L7-F7*'Сезонность'!$C$3*'Сезонность'!$B$3) | O7: =D7*(L7+N7)/2*'Сезонность'!$B$3 | P7: =MAX(0,N7-F7*'Сезонность'!$C$4*'Сезонность'!$B$4) | Q7: =D7*(N7+P7)/2*'Сезонность'!$B$4 | R7: =MAX(0,P7-F7*'Сезонность'!$C$5*'Сезонность'!$B$5) | S7: =D7*(P7+R7)/2*'Сезонность'!$B$5 | T7: =MAX(0,R7-F7*'Сезонность'!$C$6*'Сезонность'!$B$6) | U7: =D7*(R7+T7)/2*'Сезонность'!$B$6
A8: 208202076 | B8: EKEL - Ampule Сream Сollagen [70ml] / Крем для лица ампульный с коллагеном | C8: 186 | D8: =VLOOKUP(A8,'Данные хранения'!$A$2:$B$205,2,0) | E8: =VLOOKUP(A8,'Данные продаж'!$A$2:$B$490,2,0) | F8: =E8/'Параметры'!$B$4 | G8: =D8*'Параметры'!$B$3*C8 | H8: =D8*'Параметры'!$B$2*C8 | I8: =D8*IF(F8=0,C8*'Параметры'!$B$2,IF(C8/F8>='Параметры'!$B$2,C8*'Параметры'!$B$2-F8*'Параметры'!$B$2*('Параметры'!$B$2-1)/2,C8*C8/(2*F8))) | J8: =M8+O8+Q8+S8+U8 | K8: =T8 | L8: =MAX(0,C8-F8*'Сезонность'!$C$2*'Сезонность'!$B$2) | M8: =D8*(C8+L8)/2*'Сезонность'!$B$2 | N8: =MAX(0,L8-F8*'Сезонность'!$C$3*'Сезонность'!$B$3) | O8: =D8*(L8+N8)/2*'Сезонность'!$B$3 | P8: =MAX(0,N8-F8*'Сезонность'!$C$4*'Сезонность'!$B$4) | Q8: =D8*(N8+P8)/2*'Сезонность'!$B$4 | R8: =MAX(0,P8-F8*'Сезонность'!$C$5*'Сезонность'!$B$5) | S8: =D8*(P8+R8)/2*'Сезонность'!$B$5 | T8: =MAX(0,R8-F8*'Сезонность'!$C$6*'Сезонность'!$B$6) | U8: =D8*(R8+T8)/2*'Сезонность'!$B$6
A9: 207796563 | B9: ELIZAVECCA - Aqua Hyaluronic Acid Water Drop Cream / Увлажняющий крем для лица с гиалуроновой кислотой | C9: 100 | D9: =VLOOKUP(A9,'Данные хранения'!$A$2:$B$205,2,0) | E9: =VLOOKUP(A9,'Данные продаж'!$A$2:$B$490,2,0) | F9: =E9/'Параметры'!$B$4 | G9: =D9*'Параметры'!$B$3*C9 | H9: =D9*'Параметры'!$B$2*C9 | I9: =D9*IF(F9=0,C9*'Параметры'!$B$2,IF(C9/F9>='Параметры'!$B$2,C9*'Параметры'!$B$2-F9*'Параметры'!$B$2*('Параметры'!$B$2-1)/2,C9*C9/(2*F9))) | J9: =M9+O9+Q9+S9+U9 | K9: =T9 | L9: =MAX(0,C9-F9*'Сезонность'!$C$2*'Сезонность'!$B$2) | M9: =D9*(C9+L9)/2*'Сезонность'!$B$2 | N9: =MAX(0,L9-F9*'Сезонность'!$C$3*'Сезонность'!$B$3) | O9: =D9*(L9+N9)/2*'Сезонность'!$B$3 | P9: =MAX(0,N9-F9*'Сезонность'!$C$4*'Сезонность'!$B$4) | Q9: =D9*(N9+P9)/2*'Сезонность'!$B$4 | R9: =MAX(0,P9-F9*'Сезонность'!$C$5*'Сезонность'!$B$5) | S9: =D9*(P9+R9)/2*'Сезонность'!$B$5 | T9: =MAX(0,R9-F9*'Сезонность'!$C$6*'Сезонность'!$B$6) | U9: =D9*(R9+T9)/2*'Сезонность'!$B$6
A10: 207796350 | B10: ELIZAVECCA - CER-100 Collagen Ceramide Coating Protein Treatment [100ml] / Коллагеновая маска для волос | C10: 496 | D10: =VLOOKUP(A10,'Данные хранения'!$A$2:$B$205,2,0) | E10: =VLOOKUP(A10,'Данные продаж'!$A$2:$B$490,2,0) | F10: =E10/'Параметры'!$B$4 | G10: =D10*'Параметры'!$B$3*C10 | H10: =D10*'Параметры'!$B$2*C10 | I10: =D10*IF(F10=0,C10*'Параметры'!$B$2,IF(C10/F10>='Параметры'!$B$2,C10*'Параметры'!$B$2-F10*'Параметры'!$B$2*('Параметры'!$B$2-1)/2,C10*C10/(2*F10))) | J10: =M10+O10+Q10+S10+U10 | K10: =T10 | L10: =MAX(0,C10-F10*'Сезонность'!$C$2*'Сезонность'!$B$2) | M10: =D10*(C10+L10)/2*'Сезонность'!$B$2 | N10: =MAX(0,L10-F10*'Сезонность'!$C$3*'Сезонность'!$B$3) | O10: =D10*(L10+N10)/2*'Сезонность'!$B$3 | P10: =MAX(0,N10-F10*'Сезонность'!$C$4*'Сезонность'!$B$4) | Q10: =D10*(N10+P10)/2*'Сезонность'!$B$4 | R10: =MAX(0,P10-F10*'Сезонность'!$C$5*'Сезонность'!$B$5) | S10: =D10*(P10+R10)/2*'Сезонность'!$B$5 | T10: =MAX(0,R10-F10*'Сезонность'!$C$6*'Сезонность'!$B$6) | U10: =D10*(R10+T10)/2*'Сезонность'!$B$6
A11: 206057411 | B11: ELIZAVECCA - Hell pore clean up aha fruit toner [ 200ml] / Пилинг-тоник с фруктовыми кислотами | C11: 180 | D11: =VLOOKUP(A11,'Данные хранения'!$A$2:$B$205,2,0) | E11: =VLOOKUP(A11,'Данные продаж'!$A$2:$B$490,2,0) | F11: =E11/'Параметры'!$B$4 | G11: =D11*'Параметры'!$B$3*C11 | H11: =D11*'Параметры'!$B$2*C11 | I11: =D11*IF(F11=0,C11*'Параметры'!$B$2,IF(C11/F11>='Параметры'!$B$2,C11*'Параметры'!$B$2-F11*'Параметры'!$B$2*('Параметры'!$B$2-1)/2,C11*C11/(2*F11))) | J11: =M11+O11+Q11+S11+U11 | K11: =T11 | L11: =MAX(0,C11-F11*'Сезонность'!$C$2*'Сезонность'!$B$2) | M11: =D11*(C11+L11)/2*'Сезонность'!$B$2 | N11: =MAX(0,L11-F11*'Сезонность'!$C$3*'Сезонность'!$B$3) | O11: =D11*(L11+N11)/2*'Сезонность'!$B$3 | P11: =MAX(0,N11-F11*'Сезонность'!$C$4*'Сезонность'!$B$4) | Q11: =D11*(N11+P11)/2*'Сезонность'!$B$4 | R11: =MAX(0,P11-F11*'Сезонность'!$C$5*'Сезонность'!$B$5) | S11: =D11*(P11+R11)/2*'Сезонность'!$B$5 | T11: =MAX(0,R11-F11*'Сезонность'!$C$6*'Сезонность'!$B$6) | U11: =D11*(R11+T11)/2*'Сезонность'!$B$6
A12: 206058262 | B12: ELIZAVECCA - Hell-Pore Galactomyces Pure Ample / Сыворотка для лица с экстрактом галактомисиса | C12: 50 | D12: =VLOOKUP(A12,'Данные хранения'!$A$2:$B$205,2,0) | E12: =VLOOKUP(A12,'Данные продаж'!$A$2:$B$490,2,0) | F12: =E12/'Параметры'!$B$4 | G12: =D12*'Параметры'!$B$3*C12 | H12: =D12*'Параметры'!$B$2*C12 | I12: =D12*IF(F12=0,C12*'Параметры'!$B$2,IF(C12/F12>='Параметры'!$B$2,C12*'Параметры'!$B$2-F12*'Параметры'!$B$2*('Параметры'!$B$2-1)/2,C12*C12/(2*F12))) | J12: =M12+O12+Q12+S12+U12 | K12: =T12 | L12: =MAX(0,C12-F12*'Сезонность'!$C$2*'Сезонность'!$B$2) | M12: =D12*(C12+L12)/2*'Сезонность'!$B$2 | N12: =MAX(0,L12-F12*'Сезонность'!$C$3*'Сезонность'!$B$3) | O12: =D12*(L12+N12)/2*'Сезонность'!$B$3 | P12: =MAX(0,N12-F12*'Сезонность'!$C$4*'Сезонность'!$B$4) | Q12: =D12*(N12+P12)/2*'Сезонность'!$B$4 | R12: =MAX(0,P12-F12*'Сезонность'!$C$5*'Сезонность'!$B$5) | S12: =D12*(P12+R12)/2*'Сезонность'!$B$5 | T12: =MAX(0,R12-F12*'Сезонность'!$C$6*'Сезонность'!$B$6) | U12: =D12*(R12+T12)/2*'Сезонность'!$B$6
A13: 190160008 | B13: ELIZAVECCA - Milky Piggy EGF elastic retinol [100ml] / Антивозрастной крем для лица с ретинолом и EGF | C13: 345 | D13: =VLOOKUP(A13,'Данные хранения'!$A$2:$B$205,2,0) | E13: =VLOOKUP(A13,'Данные продаж'!$A$2:$B$490,2,0) | F13: =E13/'Параметры'!$B$4 | G13: =D13*'Параметры'!$B$3*C13 | H13: =D13*'Параметры'!$B$2*C13 | I13: =D13*IF(F13=0,C13*'Параметры'!$B$2,IF(C13/F13>='Параметры'!$B$2,C13*'Параметры'!$B$2-F13*'Параметры'!$B$2*('Параметры'!$B$2-1)/2,C13*C13/(2*F13))) | J13: =M13+O13+Q13+S13+U13 | K13: =T13 | L13: =MAX(0,C13-F13*'Сезонность'!$C$2*'Сезонность'!$B$2) | M13: =D13*(C13+L13)/2*'Сезонность'!$B$2 | N13: =MAX(0,L13-F13*'Сезонность'!$C$3*'Сезонность'!$B$3) | O13: =D13*(L13+N13)/2*'Сезонность'!$B$3 | P13: =MAX(0,N13-F13*'Сезонность'!$C$4*'Сезонность'!$B$4) | Q13: =D13*(N13+P13)/2*'Сезонность'!$B$4 | R13: =MAX(0,P13-F13*'Сезонность'!$C$5*'Сезонность'!$B$5) | S13: =D13*(P13+R13)/2*'Сезонность'!$B$5 | T13: =MAX(0,R13-F13*'Сезонность'!$C$6*'Сезонность'!$B$6) | U13: =D13*(R13+T13)/2*'Сезонность'!$B$6
... A59: 551518955 | B59: CELIMAX THE REAL NONI MOISTURE BALANCING TONER (NEW) [150ml]/Восстанавливающий тонер с экстрактом нони | C59: 194 | D59: =VLOOKUP(A59,'Данные хранения'!$A$2:$B$205,2,0) | E59: =VLOOKUP(A59,'Данные продаж'!$A$2:$B$490,2,0) | F59: =E59/'Параметры'!$B$4 | G59: =D59*'Параметры'!$B$3*C59 | H59: =D59*'Параметры'!$B$2*C59 | I59: =D59*IF(F59=0,C59*'Параметры'!$B$2,IF(C59/F59>='Параметры'!$B$2,C59*'Параметры'!$B$2-F59*'Параметры'!$B$2*('Параметры'!$B$2-1)/2,C59*C59/(2*F59))) | J59: =M59+O59+Q59+S59+U59 | K59: =T59 | L59: =MAX(0,C59-F59*'Сезонность'!$C$2*'Сезонность'!$B$2) | M59: =D59*(C59+L59)/2*'Сезонность'!$B$2 | N59: =MAX(0,L59-F59*'Сезонность'!$C$3*'Сезонность'!$B$3) | O59: =D59*(L59+N59)/2*'Сезонность'!$B$3 | P59: =MAX(0,N59-F59*'Сезонность'!$C$4*'Сезонность'!$B$4) | Q59: =D59*(N59+P59)/2*'Сезонность'!$B$4 | R59: =MAX(0,P59-F59*'Сезонность'!$C$5*'Сезонность'!$B$5) | S59: =D59*(P59+R59)/2*'Сезонность'!$B$5 | T59: =MAX(0,R59-F59*'Сезонность'!$C$6*'Сезонность'!$B$6) | U59: =D59*(R59+T59)/2*'Сезонность'!$B$6
B60: ИТОГО | C60: =SUM(C2:C59) | G60: =SUM(G2:G59) | H60: =SUM(H2:H59) | I60: =SUM(I2:I59) | J60: =SUM(J2:J59)
B62: Все значения — формулы (VLOOKUP/SUM/MAX/IF), пересчитываются в Google Sheets и Excel. Ставка хранения и выкупы тянутся ВПР из листов 'Данные хранения'/'Данные продаж'. Сезонный прогноз — помесячный движок (колонки L–U) по листу 'Сезонность'. Меняй входные данные/коэффициенты — итоги пересчитаются.

Sheet Параметры
A1: Параметр | B1: Значение
A2: Дней до ноября (25.06–01.11.2026) | B2: 129
A3: Дней в месяце (для месячного хранения) | B3: 30
A4: Период продаж, дн (воронка 01.03–09.06) | B4: 100

Sheet Сезонность
A1: Месяц | B1: Дней в окне | C1: Коэффициент (весна=1.00) | D1: Комментарий
A2: Июнь | B2: 6 | C2: 1 | D2: данные: весна
A3: Июль | B3: 31 | C3: 0.92 | D3: лето, спад
A4: Август | B4: 31 | C4: 0.92 | D4: лето, спад
A5: Сентябрь | B5: 30 | C5: 1.05 | D5: осень, рост
A6: Октябрь | B6: 31 | C6: 1.12 | D6: предсезон
A8: Якоря: зима 0.87 (124.6 шт/д), весна 1.00 (143.6 шт/д). Лето/осень — оценка категории.

Sheet Данные хранения
A1: Артикул ВБ | B1: Ставка хранения/день, руб
A2: 48906308 | B2: 0
A3: 100680843 | B3: 0
A4: 103431353 | B4: 0.553
A5: 150925321 | B5: 0.1355
A6: 150925322 | B6: 0.135
A7: 151132051 | B7: 0.1216
A8: 151132052 | B8: 0.1506
A9: 151175877 | B9: 0.1685
A10: 151175880 | B10: 0.1428
A11: 151313163 | B11: 0.1525
A12: 154159632 | B12: 0.1493
A13: 154160085 | B13: 0.1858
... A205: 1177994945 | B205: 0.1843

Sheet Данные продаж
A1: Артикул ВБ | B1: Выкупы за 100 дн, шт
A2: 18388257 | B2: 0
A3: 18405795 | B3: 0
A4: 18406590 | B4: 0
A5: 18432729 | B5: 0
A6: 48905926 | B6: 4
A7: 48906211 | B7: 0
A8: 48906308 | B8: 5
A9: 48906602 | B9: 0
A10: 48906952 | B10: 4
A11: 48908708 | B11: 2
A12: 48909005 | B12: 0
A13: 59729264 | B13: 0
... A490: 1123574113 | B490: 0
