Workbook

Sheet Хранение до конца ноября
A1: Артикул ВБ | B1: Наименование | C1: Остаток без ЧЗ, шт | D1: Хранение в день за ед., руб | E1: Хранение до конца ноября всего (без продаж), руб | F1: Выкуп/день, шт (100 дн) | G1: Прогноз остатка к 30.11 (с сезонностью), шт | H1: Хранение до конца ноября с продажами и сезонностью, руб
A2: 204258828 | B2: COSRX - Salicylic Acid Daily Gentle Cleanser [150ml] / Пенка с салициловой кислотой для проблемной кожи | C2: 556 | D2: 0.1612 | E2: =D2*C2*SUM('Сезонность'!$B$2:$B$7) | F2: 1.46 | G2: ='Расчёт по месяцам'!L2 | H2: ='Расчёт по месяцам'!N2
A3: 214304883 | B3: DEOPROCE - SNAIL RECOVERY CREAM [100g] / Крем восстанавливающий с муцином улитки | C3: 73 | D3: 0.1595 | E3: =D3*C3*SUM('Сезонность'!$B$2:$B$7) | F3: 0.77 | G3: ='Расчёт по месяцам'!L3 | H3: ='Расчёт по месяцам'!N3
A4: 608837066 | B4: DEOPROCE SHAMPOO - BLACK GARLIC INTENSME ENERGY [600ml] мягкая упаковка Шампунь с черным чесноком против выпадения волос | C4: 125 | D4: 0.4148 | E4: =D4*C4*SUM('Сезонность'!$B$2:$B$7) | F4: 1.35 | G4: ='Расчёт по месяцам'!L4 | H4: ='Расчёт по месяцам'!N4
A5: 608624295 | B5: DEOPROCE SHAMPOO - BLACK GARLIC INTENSME ENERGY [600ml] мягкая упаковка с колпачком,Шампунь с черным чесноком против выпадения волос | C5: 144 | D5: 0.2808 | E5: =D5*C5*SUM('Сезонность'!$B$2:$B$7) | F5: 1.11 | G5: ='Расчёт по месяцам'!L5 | H5: ='Расчёт по месяцам'!N5
A6: 608841921 | B6: DEOPROCE SHAMPOO - BLACK GARLIC INTENSME ENERGY [200ml]/ Шампунь с черным чесноком против выпадения волос | C6: 550 | D6: 0.1588 | E6: =D6*C6*SUM('Сезонность'!$B$2:$B$7) | F6: 1.94 | G6: ='Расчёт по месяцам'!L6 | H6: ='Расчёт по месяцам'!N6
A7: 214305722 | B7: DEOPROCE SHAMPOO+BALSAM - BLACK GARLIC[2000ml] | C7: 610 | D7: 0.9546 | E7: =D7*C7*SUM('Сезонность'!$B$2:$B$7) | F7: 3.54 | G7: ='Расчёт по месяцам'!L7 | H7: ='Расчёт по месяцам'!N7
A8: 208202076 | B8: EKEL - Ampule Сream Сollagen [70ml] / Крем для лица ампульный с коллагеном | C8: 186 | D8: 0.1485 | E8: =D8*C8*SUM('Сезонность'!$B$2:$B$7) | F8: 2.9 | G8: ='Расчёт по месяцам'!L8 | H8: ='Расчёт по месяцам'!N8
A9: 207796563 | B9: ELIZAVECCA - Aqua Hyaluronic Acid Water Drop Cream / Увлажняющий крем для лица с гиалуроновой кислотой | C9: 100 | D9: 0.1653 | E9: =D9*C9*SUM('Сезонность'!$B$2:$B$7) | F9: 4.22 | G9: ='Расчёт по месяцам'!L9 | H9: ='Расчёт по месяцам'!N9
A10: 207796350 | B10: ELIZAVECCA - CER-100 Collagen Ceramide Coating Protein Treatment [100ml] / Коллагеновая маска для волос | C10: 496 | D10: 0.1643 | E10: =D10*C10*SUM('Сезонность'!$B$2:$B$7) | F10: 0.86 | G10: ='Расчёт по месяцам'!L10 | H10: ='Расчёт по месяцам'!N10
A11: 206057411 | B11: ELIZAVECCA - Hell pore clean up aha fruit toner [ 200ml] / Пилинг-тоник с фруктовыми кислотами | C11: 180 | D11: 0.1704 | E11: =D11*C11*SUM('Сезонность'!$B$2:$B$7) | F11: 3.5 | G11: ='Расчёт по месяцам'!L11 | H11: ='Расчёт по месяцам'!N11
A12: 206058262 | B12: ELIZAVECCA - Hell-Pore Galactomyces Pure Ample / Сыворотка для лица с экстрактом галактомисиса | C12: 50 | D12: 0.148 | E12: =D12*C12*SUM('Сезонность'!$B$2:$B$7) | F12: 0.11 | G12: ='Расчёт по месяцам'!L12 | H12: ='Расчёт по месяцам'!N12
A13: 190160008 | B13: ELIZAVECCA - Milky Piggy EGF elastic retinol [100ml] / Антивозрастной крем для лица с ретинолом и EGF | C13: 345 | D13: 0.1647 | E13: =D13*C13*SUM('Сезонность'!$B$2:$B$7) | F13: 0.15 | G13: ='Расчёт по месяцам'!L13 | H13: ='Расчёт по месяцам'!N13
... A59: 551518955 | B59: CELIMAX THE REAL NONI MOISTURE BALANCING TONER (NEW) [150ml]/Восстанавливающий тонер с экстрактом нони | C59: 194 | D59: 0.1503 | E59: =D59*C59*SUM('Сезонность'!$B$2:$B$7) | F59: 0.09 | G59: ='Расчёт по месяцам'!L59 | H59: ='Расчёт по месяцам'!N59
B60: ИТОГО | C60: =SUM(C2:C59) | E60: =SUM(E2:E59) | H60: =SUM(H2:H59)
B62: Период 25.06–30.11.2026. Хранение без продаж (E) = ставка×остаток×дней. Продажи учтены помесячно с сезонностью (лист 'Расчёт по месяцам' по коэффициентам листа 'Сезонность'): ноябрь как высокий сезон ×1.15. Столбцы E, G, H — формулы.

Sheet Сезонность
A1: Месяц | B1: Дней в окне | C1: Коэффициент (весна=1.00) | D1: Комментарий
A2: Июнь | B2: 6 | C2: 1 | D2: данные: весна
A3: Июль | B3: 31 | C3: 0.92 | D3: лето, спад
A4: Август | B4: 31 | C4: 0.92 | D4: лето, спад
A5: Сентябрь | B5: 30 | C5: 1.05 | D5: осень, рост
A6: Октябрь | B6: 31 | C6: 1.12 | D6: предсезон
A7: Ноябрь | B7: 30 | C7: 1.15 | D7: высокий сезон
A9: Якоря: зима 0.87 (124.6 шт/д), весна 1.00 (143.6 шт/д). Лето/осень/ноябрь — оценка категории.

Sheet Расчёт по месяцам
A1: Артикул | B1: ост.июнь | C1: хран.июнь | D1: ост.июль | E1: хран.июль | F1: ост.авг | G1: хран.авг | H1: ост.сен | I1: хран.сен | J1: ост.окт | K1: хран.окт | L1: ост.ноя | M1: хран.ноя | N1: Хранение всего, руб
A2: ='Хранение до конца ноября'!A2 | B2: =MAX(0,'Хранение до конца ноября'!C2-'Хранение до конца ноября'!F2*'Сезонность'!$C$2*'Сезонность'!$B$2) | C2: ='Хранение до конца ноября'!D2*('Хранение до конца ноября'!C2+B2)/2*'Сезонность'!$B$2 | D2: =MAX(0,B2-'Хранение до конца ноября'!F2*'Сезонность'!$C$3*'Сезонность'!$B$3) | E2: ='Хранение до конца ноября'!D2*(B2+D2)/2*'Сезонность'!$B$3 | F2: =MAX(0,D2-'Хранение до конца ноября'!F2*'Сезонность'!$C$4*'Сезонность'!$B$4) | G2: ='Хранение до конца ноября'!D2*(D2+F2)/2*'Сезонность'!$B$4 | H2: =MAX(0,F2-'Хранение до конца ноября'!F2*'Сезонность'!$C$5*'Сезонность'!$B$5) | I2: ='Хранение до конца ноября'!D2*(F2+H2)/2*'Сезонность'!$B$5 | J2: =MAX(0,H2-'Хранение до конца ноября'!F2*'Сезонность'!$C$6*'Сезонность'!$B$6) | K2: ='Хранение до конца ноября'!D2*(H2+J2)/2*'Сезонность'!$B$6 | L2: =MAX(0,J2-'Хранение до конца ноября'!F2*'Сезонность'!$C$7*'Сезонность'!$B$7) | M2: ='Хранение до конца ноября'!D2*(J2+L2)/2*'Сезонность'!$B$7 | N2: =C2+E2+G2+I2+K2+M2
A3: ='Хранение до конца ноября'!A3 | B3: =MAX(0,'Хранение до конца ноября'!C3-'Хранение до конца ноября'!F3*'Сезонность'!$C$2*'Сезонность'!$B$2) | C3: ='Хранение до конца ноября'!D3*('Хранение до конца ноября'!C3+B3)/2*'Сезонность'!$B$2 | D3: =MAX(0,B3-'Хранение до конца ноября'!F3*'Сезонность'!$C$3*'Сезонность'!$B$3) | E3: ='Хранение до конца ноября'!D3*(B3+D3)/2*'Сезонность'!$B$3 | F3: =MAX(0,D3-'Хранение до конца ноября'!F3*'Сезонность'!$C$4*'Сезонность'!$B$4) | G3: ='Хранение до конца ноября'!D3*(D3+F3)/2*'Сезонность'!$B$4 | H3: =MAX(0,F3-'Хранение до конца ноября'!F3*'Сезонность'!$C$5*'Сезонность'!$B$5) | I3: ='Хранение до конца ноября'!D3*(F3+H3)/2*'Сезонность'!$B$5 | J3: =MAX(0,H3-'Хранение до конца ноября'!F3*'Сезонность'!$C$6*'Сезонность'!$B$6) | K3: ='Хранение до конца ноября'!D3*(H3+J3)/2*'Сезонность'!$B$6 | L3: =MAX(0,J3-'Хранение до конца ноября'!F3*'Сезонность'!$C$7*'Сезонность'!$B$7) | M3: ='Хранение до конца ноября'!D3*(J3+L3)/2*'Сезонность'!$B$7 | N3: =C3+E3+G3+I3+K3+M3
A4: ='Хранение до конца ноября'!A4 | B4: =MAX(0,'Хранение до конца ноября'!C4-'Хранение до конца ноября'!F4*'Сезонность'!$C$2*'Сезонность'!$B$2) | C4: ='Хранение до конца ноября'!D4*('Хранение до конца ноября'!C4+B4)/2*'Сезонность'!$B$2 | D4: =MAX(0,B4-'Хранение до конца ноября'!F4*'Сезонность'!$C$3*'Сезонность'!$B$3) | E4: ='Хранение до конца ноября'!D4*(B4+D4)/2*'Сезонность'!$B$3 | F4: =MAX(0,D4-'Хранение до конца ноября'!F4*'Сезонность'!$C$4*'Сезонность'!$B$4) | G4: ='Хранение до конца ноября'!D4*(D4+F4)/2*'Сезонность'!$B$4 | H4: =MAX(0,F4-'Хранение до конца ноября'!F4*'Сезонность'!$C$5*'Сезонность'!$B$5) | I4: ='Хранение до конца ноября'!D4*(F4+H4)/2*'Сезонность'!$B$5 | J4: =MAX(0,H4-'Хранение до конца ноября'!F4*'Сезонность'!$C$6*'Сезонность'!$B$6) | K4: ='Хранение до конца ноября'!D4*(H4+J4)/2*'Сезонность'!$B$6 | L4: =MAX(0,J4-'Хранение до конца ноября'!F4*'Сезонность'!$C$7*'Сезонность'!$B$7) | M4: ='Хранение до конца ноября'!D4*(J4+L4)/2*'Сезонность'!$B$7 | N4: =C4+E4+G4+I4+K4+M4
A5: ='Хранение до конца ноября'!A5 | B5: =MAX(0,'Хранение до конца ноября'!C5-'Хранение до конца ноября'!F5*'Сезонность'!$C$2*'Сезонность'!$B$2) | C5: ='Хранение до конца ноября'!D5*('Хранение до конца ноября'!C5+B5)/2*'Сезонность'!$B$2 | D5: =MAX(0,B5-'Хранение до конца ноября'!F5*'Сезонность'!$C$3*'Сезонность'!$B$3) | E5: ='Хранение до конца ноября'!D5*(B5+D5)/2*'Сезонность'!$B$3 | F5: =MAX(0,D5-'Хранение до конца ноября'!F5*'Сезонность'!$C$4*'Сезонность'!$B$4) | G5: ='Хранение до конца ноября'!D5*(D5+F5)/2*'Сезонность'!$B$4 | H5: =MAX(0,F5-'Хранение до конца ноября'!F5*'Сезонность'!$C$5*'Сезонность'!$B$5) | I5: ='Хранение до конца ноября'!D5*(F5+H5)/2*'Сезонность'!$B$5 | J5: =MAX(0,H5-'Хранение до конца ноября'!F5*'Сезонность'!$C$6*'Сезонность'!$B$6) | K5: ='Хранение до конца ноября'!D5*(H5+J5)/2*'Сезонность'!$B$6 | L5: =MAX(0,J5-'Хранение до конца ноября'!F5*'Сезонность'!$C$7*'Сезонность'!$B$7) | M5: ='Хранение до конца ноября'!D5*(J5+L5)/2*'Сезонность'!$B$7 | N5: =C5+E5+G5+I5+K5+M5
A6: ='Хранение до конца ноября'!A6 | B6: =MAX(0,'Хранение до конца ноября'!C6-'Хранение до конца ноября'!F6*'Сезонность'!$C$2*'Сезонность'!$B$2) | C6: ='Хранение до конца ноября'!D6*('Хранение до конца ноября'!C6+B6)/2*'Сезонность'!$B$2 | D6: =MAX(0,B6-'Хранение до конца ноября'!F6*'Сезонность'!$C$3*'Сезонность'!$B$3) | E6: ='Хранение до конца ноября'!D6*(B6+D6)/2*'Сезонность'!$B$3 | F6: =MAX(0,D6-'Хранение до конца ноября'!F6*'Сезонность'!$C$4*'Сезонность'!$B$4) | G6: ='Хранение до конца ноября'!D6*(D6+F6)/2*'Сезонность'!$B$4 | H6: =MAX(0,F6-'Хранение до конца ноября'!F6*'Сезонность'!$C$5*'Сезонность'!$B$5) | I6: ='Хранение до конца ноября'!D6*(F6+H6)/2*'Сезонность'!$B$5 | J6: =MAX(0,H6-'Хранение до конца ноября'!F6*'Сезонность'!$C$6*'Сезонность'!$B$6) | K6: ='Хранение до конца ноября'!D6*(H6+J6)/2*'Сезонность'!$B$6 | L6: =MAX(0,J6-'Хранение до конца ноября'!F6*'Сезонность'!$C$7*'Сезонность'!$B$7) | M6: ='Хранение до конца ноября'!D6*(J6+L6)/2*'Сезонность'!$B$7 | N6: =C6+E6+G6+I6+K6+M6
A7: ='Хранение до конца ноября'!A7 | B7: =MAX(0,'Хранение до конца ноября'!C7-'Хранение до конца ноября'!F7*'Сезонность'!$C$2*'Сезонность'!$B$2) | C7: ='Хранение до конца ноября'!D7*('Хранение до конца ноября'!C7+B7)/2*'Сезонность'!$B$2 | D7: =MAX(0,B7-'Хранение до конца ноября'!F7*'Сезонность'!$C$3*'Сезонность'!$B$3) | E7: ='Хранение до конца ноября'!D7*(B7+D7)/2*'Сезонность'!$B$3 | F7: =MAX(0,D7-'Хранение до конца ноября'!F7*'Сезонность'!$C$4*'Сезонность'!$B$4) | G7: ='Хранение до конца ноября'!D7*(D7+F7)/2*'Сезонность'!$B$4 | H7: =MAX(0,F7-'Хранение до конца ноября'!F7*'Сезонность'!$C$5*'Сезонность'!$B$5) | I7: ='Хранение до конца ноября'!D7*(F7+H7)/2*'Сезонность'!$B$5 | J7: =MAX(0,H7-'Хранение до конца ноября'!F7*'Сезонность'!$C$6*'Сезонность'!$B$6) | K7: ='Хранение до конца ноября'!D7*(H7+J7)/2*'Сезонность'!$B$6 | L7: =MAX(0,J7-'Хранение до конца ноября'!F7*'Сезонность'!$C$7*'Сезонность'!$B$7) | M7: ='Хранение до конца ноября'!D7*(J7+L7)/2*'Сезонность'!$B$7 | N7: =C7+E7+G7+I7+K7+M7
A8: ='Хранение до конца ноября'!A8 | B8: =MAX(0,'Хранение до конца ноября'!C8-'Хранение до конца ноября'!F8*'Сезонность'!$C$2*'Сезонность'!$B$2) | C8: ='Хранение до конца ноября'!D8*('Хранение до конца ноября'!C8+B8)/2*'Сезонность'!$B$2 | D8: =MAX(0,B8-'Хранение до конца ноября'!F8*'Сезонность'!$C$3*'Сезонность'!$B$3) | E8: ='Хранение до конца ноября'!D8*(B8+D8)/2*'Сезонность'!$B$3 | F8: =MAX(0,D8-'Хранение до конца ноября'!F8*'Сезонность'!$C$4*'Сезонность'!$B$4) | G8: ='Хранение до конца ноября'!D8*(D8+F8)/2*'Сезонность'!$B$4 | H8: =MAX(0,F8-'Хранение до конца ноября'!F8*'Сезонность'!$C$5*'Сезонность'!$B$5) | I8: ='Хранение до конца ноября'!D8*(F8+H8)/2*'Сезонность'!$B$5 | J8: =MAX(0,H8-'Хранение до конца ноября'!F8*'Сезонность'!$C$6*'Сезонность'!$B$6) | K8: ='Хранение до конца ноября'!D8*(H8+J8)/2*'Сезонность'!$B$6 | L8: =MAX(0,J8-'Хранение до конца ноября'!F8*'Сезонность'!$C$7*'Сезонность'!$B$7) | M8: ='Хранение до конца ноября'!D8*(J8+L8)/2*'Сезонность'!$B$7 | N8: =C8+E8+G8+I8+K8+M8
A9: ='Хранение до конца ноября'!A9 | B9: =MAX(0,'Хранение до конца ноября'!C9-'Хранение до конца ноября'!F9*'Сезонность'!$C$2*'Сезонность'!$B$2) | C9: ='Хранение до конца ноября'!D9*('Хранение до конца ноября'!C9+B9)/2*'Сезонность'!$B$2 | D9: =MAX(0,B9-'Хранение до конца ноября'!F9*'Сезонность'!$C$3*'Сезонность'!$B$3) | E9: ='Хранение до конца ноября'!D9*(B9+D9)/2*'Сезонность'!$B$3 | F9: =MAX(0,D9-'Хранение до конца ноября'!F9*'Сезонность'!$C$4*'Сезонность'!$B$4) | G9: ='Хранение до конца ноября'!D9*(D9+F9)/2*'Сезонность'!$B$4 | H9: =MAX(0,F9-'Хранение до конца ноября'!F9*'Сезонность'!$C$5*'Сезонность'!$B$5) | I9: ='Хранение до конца ноября'!D9*(F9+H9)/2*'Сезонность'!$B$5 | J9: =MAX(0,H9-'Хранение до конца ноября'!F9*'Сезонность'!$C$6*'Сезонность'!$B$6) | K9: ='Хранение до конца ноября'!D9*(H9+J9)/2*'Сезонность'!$B$6 | L9: =MAX(0,J9-'Хранение до конца ноября'!F9*'Сезонность'!$C$7*'Сезонность'!$B$7) | M9: ='Хранение до конца ноября'!D9*(J9+L9)/2*'Сезонность'!$B$7 | N9: =C9+E9+G9+I9+K9+M9
A10: ='Хранение до конца ноября'!A10 | B10: =MAX(0,'Хранение до конца ноября'!C10-'Хранение до конца ноября'!F10*'Сезонность'!$C$2*'Сезонность'!$B$2) | C10: ='Хранение до конца ноября'!D10*('Хранение до конца ноября'!C10+B10)/2*'Сезонность'!$B$2 | D10: =MAX(0,B10-'Хранение до конца ноября'!F10*'Сезонность'!$C$3*'Сезонность'!$B$3) | E10: ='Хранение до конца ноября'!D10*(B10+D10)/2*'Сезонность'!$B$3 | F10: =MAX(0,D10-'Хранение до конца ноября'!F10*'Сезонность'!$C$4*'Сезонность'!$B$4) | G10: ='Хранение до конца ноября'!D10*(D10+F10)/2*'Сезонность'!$B$4 | H10: =MAX(0,F10-'Хранение до конца ноября'!F10*'Сезонность'!$C$5*'Сезонность'!$B$5) | I10: ='Хранение до конца ноября'!D10*(F10+H10)/2*'Сезонность'!$B$5 | J10: =MAX(0,H10-'Хранение до конца ноября'!F10*'Сезонность'!$C$6*'Сезонность'!$B$6) | K10: ='Хранение до конца ноября'!D10*(H10+J10)/2*'Сезонность'!$B$6 | L10: =MAX(0,J10-'Хранение до конца ноября'!F10*'Сезонность'!$C$7*'Сезонность'!$B$7) | M10: ='Хранение до конца ноября'!D10*(J10+L10)/2*'Сезонность'!$B$7 | N10: =C10+E10+G10+I10+K10+M10
A11: ='Хранение до конца ноября'!A11 | B11: =MAX(0,'Хранение до конца ноября'!C11-'Хранение до конца ноября'!F11*'Сезонность'!$C$2*'Сезонность'!$B$2) | C11: ='Хранение до конца ноября'!D11*('Хранение до конца ноября'!C11+B11)/2*'Сезонность'!$B$2 | D11: =MAX(0,B11-'Хранение до конца ноября'!F11*'Сезонность'!$C$3*'Сезонность'!$B$3) | E11: ='Хранение до конца ноября'!D11*(B11+D11)/2*'Сезонность'!$B$3 | F11: =MAX(0,D11-'Хранение до конца ноября'!F11*'Сезонность'!$C$4*'Сезонность'!$B$4) | G11: ='Хранение до конца ноября'!D11*(D11+F11)/2*'Сезонность'!$B$4 | H11: =MAX(0,F11-'Хранение до конца ноября'!F11*'Сезонность'!$C$5*'Сезонность'!$B$5) | I11: ='Хранение до конца ноября'!D11*(F11+H11)/2*'Сезонность'!$B$5 | J11: =MAX(0,H11-'Хранение до конца ноября'!F11*'Сезонность'!$C$6*'Сезонность'!$B$6) | K11: ='Хранение до конца ноября'!D11*(H11+J11)/2*'Сезонность'!$B$6 | L11: =MAX(0,J11-'Хранение до конца ноября'!F11*'Сезонность'!$C$7*'Сезонность'!$B$7) | M11: ='Хранение до конца ноября'!D11*(J11+L11)/2*'Сезонность'!$B$7 | N11: =C11+E11+G11+I11+K11+M11
A12: ='Хранение до конца ноября'!A12 | B12: =MAX(0,'Хранение до конца ноября'!C12-'Хранение до конца ноября'!F12*'Сезонность'!$C$2*'Сезонность'!$B$2) | C12: ='Хранение до конца ноября'!D12*('Хранение до конца ноября'!C12+B12)/2*'Сезонность'!$B$2 | D12: =MAX(0,B12-'Хранение до конца ноября'!F12*'Сезонность'!$C$3*'Сезонность'!$B$3) | E12: ='Хранение до конца ноября'!D12*(B12+D12)/2*'Сезонность'!$B$3 | F12: =MAX(0,D12-'Хранение до конца ноября'!F12*'Сезонность'!$C$4*'Сезонность'!$B$4) | G12: ='Хранение до конца ноября'!D12*(D12+F12)/2*'Сезонность'!$B$4 | H12: =MAX(0,F12-'Хранение до конца ноября'!F12*'Сезонность'!$C$5*'Сезонность'!$B$5) | I12: ='Хранение до конца ноября'!D12*(F12+H12)/2*'Сезонность'!$B$5 | J12: =MAX(0,H12-'Хранение до конца ноября'!F12*'Сезонность'!$C$6*'Сезонность'!$B$6) | K12: ='Хранение до конца ноября'!D12*(H12+J12)/2*'Сезонность'!$B$6 | L12: =MAX(0,J12-'Хранение до конца ноября'!F12*'Сезонность'!$C$7*'Сезонность'!$B$7) | M12: ='Хранение до конца ноября'!D12*(J12+L12)/2*'Сезонность'!$B$7 | N12: =C12+E12+G12+I12+K12+M12
A13: ='Хранение до конца ноября'!A13 | B13: =MAX(0,'Хранение до конца ноября'!C13-'Хранение до конца ноября'!F13*'Сезонность'!$C$2*'Сезонность'!$B$2) | C13: ='Хранение до конца ноября'!D13*('Хранение до конца ноября'!C13+B13)/2*'Сезонность'!$B$2 | D13: =MAX(0,B13-'Хранение до конца ноября'!F13*'Сезонность'!$C$3*'Сезонность'!$B$3) | E13: ='Хранение до конца ноября'!D13*(B13+D13)/2*'Сезонность'!$B$3 | F13: =MAX(0,D13-'Хранение до конца ноября'!F13*'Сезонность'!$C$4*'Сезонность'!$B$4) | G13: ='Хранение до конца ноября'!D13*(D13+F13)/2*'Сезонность'!$B$4 | H13: =MAX(0,F13-'Хранение до конца ноября'!F13*'Сезонность'!$C$5*'Сезонность'!$B$5) | I13: ='Хранение до конца ноября'!D13*(F13+H13)/2*'Сезонность'!$B$5 | J13: =MAX(0,H13-'Хранение до конца ноября'!F13*'Сезонность'!$C$6*'Сезонность'!$B$6) | K13: ='Хранение до конца ноября'!D13*(H13+J13)/2*'Сезонность'!$B$6 | L13: =MAX(0,J13-'Хранение до конца ноября'!F13*'Сезонность'!$C$7*'Сезонность'!$B$7) | M13: ='Хранение до конца ноября'!D13*(J13+L13)/2*'Сезонность'!$B$7 | N13: =C13+E13+G13+I13+K13+M13
... A59: ='Хранение до конца ноября'!A59 | B59: =MAX(0,'Хранение до конца ноября'!C59-'Хранение до конца ноября'!F59*'Сезонность'!$C$2*'Сезонность'!$B$2) | C59: ='Хранение до конца ноября'!D59*('Хранение до конца ноября'!C59+B59)/2*'Сезонность'!$B$2 | D59: =MAX(0,B59-'Хранение до конца ноября'!F59*'Сезонность'!$C$3*'Сезонность'!$B$3) | E59: ='Хранение до конца ноября'!D59*(B59+D59)/2*'Сезонность'!$B$3 | F59: =MAX(0,D59-'Хранение до конца ноября'!F59*'Сезонность'!$C$4*'Сезонность'!$B$4) | G59: ='Хранение до конца ноября'!D59*(D59+F59)/2*'Сезонность'!$B$4 | H59: =MAX(0,F59-'Хранение до конца ноября'!F59*'Сезонность'!$C$5*'Сезонность'!$B$5) | I59: ='Хранение до конца ноября'!D59*(F59+H59)/2*'Сезонность'!$B$5 | J59: =MAX(0,H59-'Хранение до конца ноября'!F59*'Сезонность'!$C$6*'Сезонность'!$B$6) | K59: ='Хранение до конца ноября'!D59*(H59+J59)/2*'Сезонность'!$B$6 | L59: =MAX(0,J59-'Хранение до конца ноября'!F59*'Сезонность'!$C$7*'Сезонность'!$B$7) | M59: ='Хранение до конца ноября'!D59*(J59+L59)/2*'Сезонность'!$B$7 | N59: =C59+E59+G59+I59+K59+M59
