Workbook

Sheet Параметры
A1: ПАРАМЕТРЫ ПЛАНИРОВАНИЯ
A3: Категория | B3: Срок поставки, мес | C3: Буфер, мес | D3: Целевой запас, мес
A4: косметика | B4: 2 | C4: 1 | D4: 4
A5: НГ/Деды Морозы | B5: 2 | C5: 0 | D5: 0
A6: электроника | B6: 2 | C6: 1 | D6: 3
A8: Жёлтое — редактируешь. Целевой запас: сколько месяцев держать. НГ — сезонный, закупка только под сезон.

Sheet Мастер-план
A1: Категория | B1: Товар | C1: Арт Коротич | D1: Арт Крона | E1: Баркод | F1: Себес ₽ | G1: Остаток склад (пул) | H1: Ост WB Коротич | I1: Ост WB Крона | J1: Ост Ozon | K1: В пути | L1: Прод/мес Коротич WB | M1: Прод/мес Крона WB | N1: Прод/мес Коротич Ozon | O1: Прод/мес Крона Ozon | P1: Спрос ИТОГО/мес | Q1: Доступно всего | R1: Покрытие мес | S1: Целевой запас мес | T1: К заказу шт | U1: Статус
A2: НГ/Деды Морозы | B2: Дед Мороз (№1) красный с подарком за спиной | C2: 48905926 | D2: 535617707 | F2: 292 | G2: 2579 | L2: 0 | P2: =SUM(L2:O2) | Q2: =G2+H2+I2+J2+K2 | R2: =IF(P2=0,"",ROUND(Q2/P2,1)) | S2: =IFERROR(VLOOKUP(A2,Параметры!$A$4:$D$6,4,FALSE),0) | T2: =IF(P2=0,0,MAX(0,ROUND(P2*(2+1)-Q2,0))) | U2: =IF(P2=0,"нет продаж",IF(R2="","",IF(R2<3,"ГОРИТ",IF(R2>12,"затоварен","норм"))))
A3: НГ/Деды Морозы | B3: Дед Мороз (№10) серый | C3: 103431810 | D3: 535622291 | F3: 292 | G3: 1444 | L3: 0 | P3: =SUM(L3:O3) | Q3: =G3+H3+I3+J3+K3 | R3: =IF(P3=0,"",ROUND(Q3/P3,1)) | S3: =IFERROR(VLOOKUP(A3,Параметры!$A$4:$D$6,4,FALSE),0) | T3: =IF(P3=0,0,MAX(0,ROUND(P3*(2+1)-Q3,0))) | U3: =IF(P3=0,"нет продаж",IF(R3="","",IF(R3<3,"ГОРИТ",IF(R3>12,"затоварен","норм"))))
A4: НГ/Деды Морозы | B4: Дед Мороз (№11) в клетку | C4: 104590122 | D4: 535622293 | F4: 292 | G4: 5430 | L4: 0 | P4: =SUM(L4:O4) | Q4: =G4+H4+I4+J4+K4 | R4: =IF(P4=0,"",ROUND(Q4/P4,1)) | S4: =IFERROR(VLOOKUP(A4,Параметры!$A$4:$D$6,4,FALSE),0) | T4: =IF(P4=0,0,MAX(0,ROUND(P4*(2+1)-Q4,0))) | U4: =IF(P4=0,"нет продаж",IF(R4="","",IF(R4<3,"ГОРИТ",IF(R4>12,"затоварен","норм"))))
A5: НГ/Деды Морозы | B5: Дед Мороз (№11) 45см клетка | C5: 555134309 | F5: 452 | G5: 1920 | L5: 0 | P5: =SUM(L5:O5) | Q5: =G5+H5+I5+J5+K5 | R5: =IF(P5=0,"",ROUND(Q5/P5,1)) | S5: =IFERROR(VLOOKUP(A5,Параметры!$A$4:$D$6,4,FALSE),0) | T5: =IF(P5=0,0,MAX(0,ROUND(P5*(2+1)-Q5,0))) | U5: =IF(P5=0,"нет продаж",IF(R5="","",IF(R5<3,"ГОРИТ",IF(R5>12,"затоварен","норм"))))
A6: НГ/Деды Морозы | B6: Дед Мороз (№11) 50см клетка | C6: 555135716 | F6: 507 | G6: 30 | L6: 0 | P6: =SUM(L6:O6) | Q6: =G6+H6+I6+J6+K6 | R6: =IF(P6=0,"",ROUND(Q6/P6,1)) | S6: =IFERROR(VLOOKUP(A6,Параметры!$A$4:$D$6,4,FALSE),0) | T6: =IF(P6=0,0,MAX(0,ROUND(P6*(2+1)-Q6,0))) | U6: =IF(P6=0,"нет продаж",IF(R6="","",IF(R6<3,"ГОРИТ",IF(R6>12,"затоварен","норм"))))
A7: НГ/Деды Морозы | B7: Дед Мороз (№11) 85см клетка | C7: 555169767 | F7: 1157 | G7: 5 | L7: 0 | P7: =SUM(L7:O7) | Q7: =G7+H7+I7+J7+K7 | R7: =IF(P7=0,"",ROUND(Q7/P7,1)) | S7: =IFERROR(VLOOKUP(A7,Параметры!$A$4:$D$6,4,FALSE),0) | T7: =IF(P7=0,0,MAX(0,ROUND(P7*(2+1)-Q7,0))) | U7: =IF(P7=0,"нет продаж",IF(R7="","",IF(R7<3,"ГОРИТ",IF(R7>12,"затоварен","норм"))))
A8: НГ/Деды Морозы | B8: Дед Мороз (№12) белый лыжи белые боты | C8: 103441912 | D8: 535622295 | F8: 292 | G8: 3904 | L8: 0 | P8: =SUM(L8:O8) | Q8: =G8+H8+I8+J8+K8 | R8: =IF(P8=0,"",ROUND(Q8/P8,1)) | S8: =IFERROR(VLOOKUP(A8,Параметры!$A$4:$D$6,4,FALSE),0) | T8: =IF(P8=0,0,MAX(0,ROUND(P8*(2+1)-Q8,0))) | U8: =IF(P8=0,"нет продаж",IF(R8="","",IF(R8<3,"ГОРИТ",IF(R8>12,"затоварен","норм"))))
A9: НГ/Деды Морозы | B9: Дед Мороз (№13) белый лыжи черные боты | C9: 103442522 | D9: 535622301 | F9: 292 | G9: 996 | L9: 0 | P9: =SUM(L9:O9) | Q9: =G9+H9+I9+J9+K9 | R9: =IF(P9=0,"",ROUND(Q9/P9,1)) | S9: =IFERROR(VLOOKUP(A9,Параметры!$A$4:$D$6,4,FALSE),0) | T9: =IF(P9=0,0,MAX(0,ROUND(P9*(2+1)-Q9,0))) | U9: =IF(P9=0,"нет продаж",IF(R9="","",IF(R9<3,"ГОРИТ",IF(R9>12,"затоварен","норм"))))
A10: НГ/Деды Морозы | B10: Дед Мороз (№3) красный с мишкой | C10: 48906308 | D10: 535622280 | F10: 292 | G10: 3506 | L10: 0 | P10: =SUM(L10:O10) | Q10: =G10+H10+I10+J10+K10 | R10: =IF(P10=0,"",ROUND(Q10/P10,1)) | S10: =IFERROR(VLOOKUP(A10,Параметры!$A$4:$D$6,4,FALSE),0) | T10: =IF(P10=0,0,MAX(0,ROUND(P10*(2+1)-Q10,0))) | U10: =IF(P10=0,"нет продаж",IF(R10="","",IF(R10<3,"ГОРИТ",IF(R10>12,"затоварен","норм"))))
A11: НГ/Деды Морозы | B11: Дед Мороз (№3) 45см с мишкой | C11: 555204573 | F11: 452 | G11: 1421 | L11: 0 | P11: =SUM(L11:O11) | Q11: =G11+H11+I11+J11+K11 | R11: =IF(P11=0,"",ROUND(Q11/P11,1)) | S11: =IFERROR(VLOOKUP(A11,Параметры!$A$4:$D$6,4,FALSE),0) | T11: =IF(P11=0,0,MAX(0,ROUND(P11*(2+1)-Q11,0))) | U11: =IF(P11=0,"нет продаж",IF(R11="","",IF(R11<3,"ГОРИТ",IF(R11>12,"затоварен","норм"))))
A12: НГ/Деды Морозы | B12: Дед Мороз (№3) 50см с мишкой | C12: 555208894 | F12: 507 | G12: 60 | L12: 0 | P12: =SUM(L12:O12) | Q12: =G12+H12+I12+J12+K12 | R12: =IF(P12=0,"",ROUND(Q12/P12,1)) | S12: =IFERROR(VLOOKUP(A12,Параметры!$A$4:$D$6,4,FALSE),0) | T12: =IF(P12=0,0,MAX(0,ROUND(P12*(2+1)-Q12,0))) | U12: =IF(P12=0,"нет продаж",IF(R12="","",IF(R12<3,"ГОРИТ",IF(R12>12,"затоварен","норм"))))
A13: НГ/Деды Морозы | B13: Дед Мороз (№5) красный с подарком в руке | C13: 48906952 | D13: 535622285 | F13: 314 | G13: 4431 | L13: 0 | P13: =SUM(L13:O13) | Q13: =G13+H13+I13+J13+K13 | R13: =IF(P13=0,"",ROUND(Q13/P13,1)) | S13: =IFERROR(VLOOKUP(A13,Параметры!$A$4:$D$6,4,FALSE),0) | T13: =IF(P13=0,0,MAX(0,ROUND(P13*(2+1)-Q13,0))) | U13: =IF(P13=0,"нет продаж",IF(R13="","",IF(R13<3,"ГОРИТ",IF(R13>12,"затоварен","норм"))))
A14: НГ/Деды Морозы | B14: Дед Мороз (№5) 45см с подарком | C14: 555212357 | F14: 452 | G14: 1188 | L14: 0 | P14: =SUM(L14:O14) | Q14: =G14+H14+I14+J14+K14 | R14: =IF(P14=0,"",ROUND(Q14/P14,1)) | S14: =IFERROR(VLOOKUP(A14,Параметры!$A$4:$D$6,4,FALSE),0) | T14: =IF(P14=0,0,MAX(0,ROUND(P14*(2+1)-Q14,0))) | U14: =IF(P14=0,"нет продаж",IF(R14="","",IF(R14<3,"ГОРИТ",IF(R14>12,"затоварен","норм"))))
A15: НГ/Деды Морозы | B15: Дед Мороз (№5) 50см с подарком | C15: 555213580 | F15: 507 | G15: 200 | L15: 0 | P15: =SUM(L15:O15) | Q15: =G15+H15+I15+J15+K15 | R15: =IF(P15=0,"",ROUND(Q15/P15,1)) | S15: =IFERROR(VLOOKUP(A15,Параметры!$A$4:$D$6,4,FALSE),0) | T15: =IF(P15=0,0,MAX(0,ROUND(P15*(2+1)-Q15,0))) | U15: =IF(P15=0,"нет продаж",IF(R15="","",IF(R15<3,"ГОРИТ",IF(R15>12,"затоварен","норм"))))
A16: НГ/Деды Морозы | B16: Дед Мороз (№6) блестящий | C16: 48908708 | D16: 535622287 | F16: 292 | G16: 1519 | L16: 0 | P16: =SUM(L16:O16) | Q16: =G16+H16+I16+J16+K16 | R16: =IF(P16=0,"",ROUND(Q16/P16,1)) | S16: =IFERROR(VLOOKUP(A16,Параметры!$A$4:$D$6,4,FALSE),0) | T16: =IF(P16=0,0,MAX(0,ROUND(P16*(2+1)-Q16,0))) | U16: =IF(P16=0,"нет продаж",IF(R16="","",IF(R16<3,"ГОРИТ",IF(R16>12,"затоварен","норм"))))
A17: НГ/Деды Морозы | B17: Дед Мороз (№9) красный рябь | C17: 103431353 | D17: 535622289 | F17: 292 | G17: 1290 | L17: 0 | P17: =SUM(L17:O17) | Q17: =G17+H17+I17+J17+K17 | R17: =IF(P17=0,"",ROUND(Q17/P17,1)) | S17: =IFERROR(VLOOKUP(A17,Параметры!$A$4:$D$6,4,FALSE),0) | T17: =IF(P17=0,0,MAX(0,ROUND(P17*(2+1)-Q17,0))) | U17: =IF(P17=0,"нет продаж",IF(R17="","",IF(R17<3,"ГОРИТ",IF(R17>12,"затоварен","норм"))))
A18: НГ/Деды Морозы | B18: СГ-Белая с узорами | C18: 190314124 | F18: 304 | G18: 717 | L18: 0 | P18: =SUM(L18:O18) | Q18: =G18+H18+I18+J18+K18 | R18: =IF(P18=0,"",ROUND(Q18/P18,1)) | S18: =IFERROR(VLOOKUP(A18,Параметры!$A$4:$D$6,4,FALSE),0) | T18: =IF(P18=0,0,MAX(0,ROUND(P18*(2+1)-Q18,0))) | U18: =IF(P18=0,"нет продаж",IF(R18="","",IF(R18<3,"ГОРИТ",IF(R18>12,"затоварен","норм"))))
A19: НГ/Деды Морозы | B19: СГ-Красная | C19: 190314349 | F19: 304 | G19: 212 | L19: 0 | P19: =SUM(L19:O19) | Q19: =G19+H19+I19+J19+K19 | R19: =IF(P19=0,"",ROUND(Q19/P19,1)) | S19: =IFERROR(VLOOKUP(A19,Параметры!$A$4:$D$6,4,FALSE),0) | T19: =IF(P19=0,0,MAX(0,ROUND(P19*(2+1)-Q19,0))) | U19: =IF(P19=0,"нет продаж",IF(R19="","",IF(R19<3,"ГОРИТ",IF(R19>12,"затоварен","норм"))))
A20: косметика | B20: ENOUGH - Collagen Moisture Essential Cream [50ml] / Увлажняющий крем для лица с коллагеном | C20: 238415286 | E20: 20404410893540 | F20: 161 | G20: 6400 | L20: 840.8 | P20: =SUM(L20:O20) | Q20: =G20+H20+I20+J20+K20 | R20: =IF(P20=0,"",ROUND(Q20/P20,1)) | S20: =IFERROR(VLOOKUP(A20,Параметры!$A$4:$D$6,4,FALSE),0) | T20: =IF(P20=0,0,MAX(0,ROUND(P20*(2+1)-Q20,0))) | U20: =IF(P20=0,"нет продаж",IF(R20="","",IF(R20<3,"ГОРИТ",IF(R20>12,"затоварен","норм"))))
A21: косметика | B21: Celimax Dual Barrier Creamy Toner, тонер 150 мл | C21: 868516027 | E21: 20494769231520 | F21: 664 | G21: 15980 | L21: 462.7 | P21: =SUM(L21:O21) | Q21: =G21+H21+I21+J21+K21 | R21: =IF(P21=0,"",ROUND(Q21/P21,1)) | S21: =IFERROR(VLOOKUP(A21,Параметры!$A$4:$D$6,4,FALSE),0) | T21: =IF(P21=0,0,MAX(0,ROUND(P21*(2+1)-Q21,0))) | U21: =IF(P21=0,"нет продаж",IF(R21="","",IF(R21<3,"ГОРИТ",IF(R21>12,"затоварен","норм"))))
A22: косметика | B22: ROUND LAB 1025 DOKDO CLEANSER_150ml - Увлажняющая пенка для умывания лица | C22: 437154709 | E22: 20443216637880 | F22: 463 | G22: 5499 | L22: 460.6 | P22: =SUM(L22:O22) | Q22: =G22+H22+I22+J22+K22 | R22: =IF(P22=0,"",ROUND(Q22/P22,1)) | S22: =IFERROR(VLOOKUP(A22,Параметры!$A$4:$D$6,4,FALSE),0) | T22: =IF(P22=0,0,MAX(0,ROUND(P22*(2+1)-Q22,0))) | U22: =IF(P22=0,"нет продаж",IF(R22="","",IF(R22<3,"ГОРИТ",IF(R22>12,"затоварен","норм"))))
A23: косметика | B23: JIGOTT - Snail Lifting Cream [70ml] / Крем для лица увлажняющий антивозрастной | C23: 207482718 | E23: 20394552183240 | F23: 202 | G23: 7139 | L23: 299.8 | P23: =SUM(L23:O23) | Q23: =G23+H23+I23+J23+K23 | R23: =IF(P23=0,"",ROUND(Q23/P23,1)) | S23: =IFERROR(VLOOKUP(A23,Параметры!$A$4:$D$6,4,FALSE),0) | T23: =IF(P23=0,0,MAX(0,ROUND(P23*(2+1)-Q23,0))) | U23: =IF(P23=0,"нет продаж",IF(R23="","",IF(R23<3,"ГОРИТ",IF(R23>12,"затоварен","норм"))))
A24: косметика | B24: FARMSTAY - Collagen & Hyaluronic Acid All-In One Ampoule [250ml] / Сыворотка с коллагеном и гиалуроновой кислотой | C24: 168956391 | E24: 20381577225110 | F24: 348 | G24: 6067 | L24: 248.8 | P24: =SUM(L24:O24) | Q24: =G24+H24+I24+J24+K24 | R24: =IF(P24=0,"",ROUND(Q24/P24,1)) | S24: =IFERROR(VLOOKUP(A24,Параметры!$A$4:$D$6,4,FALSE),0) | T24: =IF(P24=0,0,MAX(0,ROUND(P24*(2+1)-Q24,0))) | U24: =IF(P24=0,"нет продаж",IF(R24="","",IF(R24<3,"ГОРИТ",IF(R24>12,"затоварен","норм"))))
A25: косметика | B25: PETITFEE - Gold & Snail Hydrogel Eye Patch [60ea] / Гидрогелевые патчи для глаз с золотом и улиткой | C25: 179611207 | E25: 20387078660090 | F25: 415 | G25: 608 | L25: 239 | P25: =SUM(L25:O25) | Q25: =G25+H25+I25+J25+K25 | R25: =IF(P25=0,"",ROUND(Q25/P25,1)) | S25: =IFERROR(VLOOKUP(A25,Параметры!$A$4:$D$6,4,FALSE),0) | T25: =IF(P25=0,0,MAX(0,ROUND(P25*(2+1)-Q25,0))) | U25: =IF(P25=0,"нет продаж",IF(R25="","",IF(R25<3,"ГОРИТ",IF(R25>12,"затоварен","норм"))))
A26: косметика | B26: FARMSTAY - Escargot Noblesse Intensive Cream [50g] / Крем с муцином королевской улитки | C26: 169076150 | E26: 20381610076800 | F26: 314 | G26: 835 | L26: 232.5 | P26: =SUM(L26:O26) | Q26: =G26+H26+I26+J26+K26 | R26: =IF(P26=0,"",ROUND(Q26/P26,1)) | S26: =IFERROR(VLOOKUP(A26,Параметры!$A$4:$D$6,4,FALSE),0) | T26: =IF(P26=0,0,MAX(0,ROUND(P26*(2+1)-Q26,0))) | U26: =IF(P26=0,"нет продаж",IF(R26="","",IF(R26<3,"ГОРИТ",IF(R26>12,"затоварен","норм"))))
A27: косметика | B27: JIGOTT - Snail Reparing Cream [100ml] / Крем для лица увлажняющий антивозрастной с муцином улитки | C27: 207483179 | E27: 20394552220930 | F27: 186 | G27: 777 | L27: 215.1 | P27: =SUM(L27:O27) | Q27: =G27+H27+I27+J27+K27 | R27: =IF(P27=0,"",ROUND(Q27/P27,1)) | S27: =IFERROR(VLOOKUP(A27,Параметры!$A$4:$D$6,4,FALSE),0) | T27: =IF(P27=0,0,MAX(0,ROUND(P27*(2+1)-Q27,0))) | U27: =IF(P27=0,"нет продаж",IF(R27="","",IF(R27<3,"ГОРИТ",IF(R27>12,"затоварен","норм"))))
A28: косметика | B28: PETITFEE - Black Pearl & Gold Hydrogel Eye Patch [60ea] / Гидрогелевые патчи для глаз с черным жемчугом и золотом | C28: 151175880 | E28: 20375937346520 | F28: 388 | G28: 549 | L28: 173.8 | P28: =SUM(L28:O28) | Q28: =G28+H28+I28+J28+K28 | R28: =IF(P28=0,"",ROUND(Q28/P28,1)) | S28: =IFERROR(VLOOKUP(A28,Параметры!$A$4:$D$6,4,FALSE),0) | T28: =IF(P28=0,0,MAX(0,ROUND(P28*(2+1)-Q28,0))) | U28: =IF(P28=0,"нет продаж",IF(R28="","",IF(R28<3,"ГОРИТ",IF(R28>12,"затоварен","норм"))))
A29: косметика | B29: FARMSTAY - Black Garlic Nourishing Shampoo [530ml] / Шампунь-кондиционер 2в1 с экстрактом черного чеснока | C29: 207472742 | E29: 20394551238880 | F29: 397 | G29: 3200 | L29: 152.1 | P29: =SUM(L29:O29) | Q29: =G29+H29+I29+J29+K29 | R29: =IF(P29=0,"",ROUND(Q29/P29,1)) | S29: =IFERROR(VLOOKUP(A29,Параметры!$A$4:$D$6,4,FALSE),0) | T29: =IF(P29=0,0,MAX(0,ROUND(P29*(2+1)-Q29,0))) | U29: =IF(P29=0,"нет продаж",IF(R29="","",IF(R29<3,"ГОРИТ",IF(R29>12,"затоварен","норм"))))
A30: косметика | B30: PETITFEE - Agave Cooling Hydrogel Eye Patch [60ea] / Охлаждающие гидрогелевые патчи для глаз с экстрактом агавы | C30: 151175877 | E30: 20375937296890 | F30: 415 | G30: 501 | L30: 148.8 | P30: =SUM(L30:O30) | Q30: =G30+H30+I30+J30+K30 | R30: =IF(P30=0,"",ROUND(Q30/P30,1)) | S30: =IFERROR(VLOOKUP(A30,Параметры!$A$4:$D$6,4,FALSE),0) | T30: =IF(P30=0,0,MAX(0,ROUND(P30*(2+1)-Q30,0))) | U30: =IF(P30=0,"нет продаж",IF(R30="","",IF(R30<3,"ГОРИТ",IF(R30>12,"затоварен","норм"))))
A31: косметика | B31: FARMSTAY - Argan Oil Complete Volume Up Shampoo & Conditioner [530ml] / Шампунь-кондиционер с аргановым маслом | C31: 207476309 | E31: 20394551530900 | F31: 401 | G31: 2298 | L31: 142.3 | P31: =SUM(L31:O31) | Q31: =G31+H31+I31+J31+K31 | R31: =IF(P31=0,"",ROUND(Q31/P31,1)) | S31: =IFERROR(VLOOKUP(A31,Параметры!$A$4:$D$6,4,FALSE),0) | T31: =IF(P31=0,0,MAX(0,ROUND(P31*(2+1)-Q31,0))) | U31: =IF(P31=0,"нет продаж",IF(R31="","",IF(R31<3,"ГОРИТ",IF(R31>12,"затоварен","норм"))))
... A129: косметика | B129: MANYO BIFIDA INFUSION SHOT AMPOULE 1DX [50ml] / Сыворотка с микроиглами и пробиотиками | C129: 868700077 | E129: 20494786120300 | F129: 997 | G129: 603 | L129: 2.2 | P129: =SUM(L129:O129) | Q129: =G129+H129+I129+J129+K129 | R129: =IF(P129=0,"",ROUND(Q129/P129,1)) | S129: =IFERROR(VLOOKUP(A129,Параметры!$A$4:$D$6,4,FALSE),0) | T129: =IF(P129=0,0,MAX(0,ROUND(P129*(2+1)-Q129,0))) | U129: =IF(P129=0,"нет продаж",IF(R129="","",IF(R129<3,"ГОРИТ",IF(R129>12,"затоварен","норм"))))
A130: косметика | B130: ROUND LAB VITA NIACINAMIDE DARK SPOT CREAM 50ml - Крем для лица с ниацинамидом от чёрных точек | C130: 1123574113 | F130: 1025 | G130: 0 | L130: 2.2 | P130: =SUM(L130:O130) | Q130: =G130+H130+I130+J130+K130 | R130: =IF(P130=0,"",ROUND(Q130/P130,1)) | S130: =IFERROR(VLOOKUP(A130,Параметры!$A$4:$D$6,4,FALSE),0) | T130: =IF(P130=0,0,MAX(0,ROUND(P130*(2+1)-Q130,0))) | U130: =IF(P130=0,"нет продаж",IF(R130="","",IF(R130<3,"ГОРИТ",IF(R130>12,"затоварен","норм"))))
A131: косметика | B131: SKIN1004 - Madagascar Centella Ampoule [30ml] / Сыворотка для лица успокаивающая из экстракта центеллы. | C131: 214311963 | E131: 20395981417940 | F131: 368 | G131: 30 | L131: 2.2 | P131: =SUM(L131:O131) | Q131: =G131+H131+I131+J131+K131 | R131: =IF(P131=0,"",ROUND(Q131/P131,1)) | S131: =IFERROR(VLOOKUP(A131,Параметры!$A$4:$D$6,4,FALSE),0) | T131: =IF(P131=0,0,MAX(0,ROUND(P131*(2+1)-Q131,0))) | U131: =IF(P131=0,"нет продаж",IF(R131="","",IF(R131<3,"ГОРИТ",IF(R131>12,"затоварен","норм"))))
A132: косметика | B132: CELIMAX THE REAL NONI STARTER KIT (NEW) [30ml+10ml+10ml]/Восстанавливающий набор миниатюр с нони (Тоник, сыворотка, крем ) | C132: 551616449 | E132: 20464112148180 | F132: 634 | G132: 0 | L132: 2.2 | P132: =SUM(L132:O132) | Q132: =G132+H132+I132+J132+K132 | R132: =IF(P132=0,"",ROUND(Q132/P132,1)) | S132: =IFERROR(VLOOKUP(A132,Параметры!$A$4:$D$6,4,FALSE),0) | T132: =IF(P132=0,0,MAX(0,ROUND(P132*(2+1)-Q132,0))) | U132: =IF(P132=0,"нет продаж",IF(R132="","",IF(R132<3,"ГОРИТ",IF(R132>12,"затоварен","норм"))))
A133: косметика | B133: CELIMAX PORE+DARK SPOT BRIGHTENING PAD [100ml / 40pads]/Тонер-пэды для выравнивания тона и рельефа кожи | C133: 551540924 | E133: 20464072454990 | F133: 556 | G133: 1375 | L133: 2.2 | P133: =SUM(L133:O133) | Q133: =G133+H133+I133+J133+K133 | R133: =IF(P133=0,"",ROUND(Q133/P133,1)) | S133: =IFERROR(VLOOKUP(A133,Параметры!$A$4:$D$6,4,FALSE),0) | T133: =IF(P133=0,0,MAX(0,ROUND(P133*(2+1)-Q133,0))) | U133: =IF(P133=0,"нет продаж",IF(R133="","",IF(R133<3,"ГОРИТ",IF(R133>12,"затоварен","норм"))))
A134: косметика | B134: CELIMAX PORE+DARK SPOT BRIGHTENING SERUM_30ml [30ml]/Сыворотка для выравнивания тона и рельефа кожи лица | C134: 551482493 | E134: 20464057080190 | F134: 688 | G134: 77 | L134: 2.2 | P134: =SUM(L134:O134) | Q134: =G134+H134+I134+J134+K134 | R134: =IF(P134=0,"",ROUND(Q134/P134,1)) | S134: =IFERROR(VLOOKUP(A134,Параметры!$A$4:$D$6,4,FALSE),0) | T134: =IF(P134=0,0,MAX(0,ROUND(P134*(2+1)-Q134,0))) | U134: =IF(P134=0,"нет продаж",IF(R134="","",IF(R134<3,"ГОРИТ",IF(R134>12,"затоварен","норм"))))
A135: косметика | B135: ELIZAVECCA - Hell-Pore Galactomyces Pure Ample / Сыворотка для лица с экстрактом галактомисиса | C135: 206058262 | E135: 20394264354840 | F135: 448 | G135: 50 | L135: 1.1 | P135: =SUM(L135:O135) | Q135: =G135+H135+I135+J135+K135 | R135: =IF(P135=0,"",ROUND(Q135/P135,1)) | S135: =IFERROR(VLOOKUP(A135,Параметры!$A$4:$D$6,4,FALSE),0) | T135: =IF(P135=0,0,MAX(0,ROUND(P135*(2+1)-Q135,0))) | U135: =IF(P135=0,"нет продаж",IF(R135="","",IF(R135<3,"ГОРИТ",IF(R135>12,"затоварен","норм"))))
A136: косметика | B136: ENOUGH - Collagen 3in1 Sun Cream SPF50 PA+++ [50ml] / отбеливающий увлажняющий солнцезащитный крем 3в1 | C136: 238358954 | E136: 20404396861450 | F136: 203 | G136: 0 | L136: 1.1 | P136: =SUM(L136:O136) | Q136: =G136+H136+I136+J136+K136 | R136: =IF(P136=0,"",ROUND(Q136/P136,1)) | S136: =IFERROR(VLOOKUP(A136,Параметры!$A$4:$D$6,4,FALSE),0) | T136: =IF(P136=0,0,MAX(0,ROUND(P136*(2+1)-Q136,0))) | U136: =IF(P136=0,"нет продаж",IF(R136="","",IF(R136<3,"ГОРИТ",IF(R136>12,"затоварен","норм"))))
A137: косметика | B137: ETUDE - Baking Powder Pore Cleansing Foam [160ml] / Пенка для умывания с содой | C137: 169198316 | F137: 260 | G137: 0 | L137: 1.1 | P137: =SUM(L137:O137) | Q137: =G137+H137+I137+J137+K137 | R137: =IF(P137=0,"",ROUND(Q137/P137,1)) | S137: =IFERROR(VLOOKUP(A137,Параметры!$A$4:$D$6,4,FALSE),0) | T137: =IF(P137=0,0,MAX(0,ROUND(P137*(2+1)-Q137,0))) | U137: =IF(P137=0,"нет продаж",IF(R137="","",IF(R137<3,"ГОРИТ",IF(R137>12,"затоварен","норм"))))
A138: косметика | B138: ETUDE - Baking Powder BB Deep Cleansing Foam [30ml] / Пенка с содой для глубокого очищения | C138: 154159632 | E138: 20376491299750 | F138: 92 | G138: 0 | L138: 1.1 | P138: =SUM(L138:O138) | Q138: =G138+H138+I138+J138+K138 | R138: =IF(P138=0,"",ROUND(Q138/P138,1)) | S138: =IFERROR(VLOOKUP(A138,Параметры!$A$4:$D$6,4,FALSE),0) | T138: =IF(P138=0,0,MAX(0,ROUND(P138*(2+1)-Q138,0))) | U138: =IF(P138=0,"нет продаж",IF(R138="","",IF(R138<3,"ГОРИТ",IF(R138>12,"затоварен","норм"))))
A139: косметика | B139: PETITFEE - FACE MASK 7 (набор ассорти 7 видов по 1 шт) | C139: 1177994945 | E139: 20524684720880 | F139: 689 | G139: 0 | L139: 1.1 | P139: =SUM(L139:O139) | Q139: =G139+H139+I139+J139+K139 | R139: =IF(P139=0,"",ROUND(Q139/P139,1)) | S139: =IFERROR(VLOOKUP(A139,Параметры!$A$4:$D$6,4,FALSE),0) | T139: =IF(P139=0,0,MAX(0,ROUND(P139*(2+1)-Q139,0))) | U139: =IF(P139=0,"нет продаж",IF(R139="","",IF(R139<3,"ГОРИТ",IF(R139>12,"затоварен","норм"))))
A140: косметика | B140: ROUND LAB BIRCH JUICE MOISTURIZING SUNSCREEN_50ml - Солнцезащитный крем spf 50 для лица с спф | C140: 437231408 | F140: 854 | G140: 0 | L140: 1.1 | P140: =SUM(L140:O140) | Q140: =G140+H140+I140+J140+K140 | R140: =IF(P140=0,"",ROUND(Q140/P140,1)) | S140: =IFERROR(VLOOKUP(A140,Параметры!$A$4:$D$6,4,FALSE),0) | T140: =IF(P140=0,0,MAX(0,ROUND(P140*(2+1)-Q140,0))) | U140: =IF(P140=0,"нет продаж",IF(R140="","",IF(R140<3,"ГОРИТ",IF(R140>12,"затоварен","норм"))))
A141: косметика | B141: CELIMAX PORE+DARK SPOT BRIGHTENING CREAM [35ml]/Крем для выравнивания тона и рельефа кожи лица | C141: 551447345 | E141: 20464052792740 | F141: 623 | G141: 13 | L141: 1.1 | P141: =SUM(L141:O141) | Q141: =G141+H141+I141+J141+K141 | R141: =IF(P141=0,"",ROUND(Q141/P141,1)) | S141: =IFERROR(VLOOKUP(A141,Параметры!$A$4:$D$6,4,FALSE),0) | T141: =IF(P141=0,0,MAX(0,ROUND(P141*(2+1)-Q141,0))) | U141: =IF(P141=0,"нет продаж",IF(R141="","",IF(R141<3,"ГОРИТ",IF(R141>12,"затоварен","норм"))))
A142: косметика | B142: CELIMAX THE REAL NONI ENERGY AMPOULE_30ML (NEW) [30ml]/Восстанавливающая сыворотка с экстрактом нони для лица | C142: 551472457 | E142: 20464056039250 | F142: 764 | G142: 35 | L142: 1.1 | P142: =SUM(L142:O142) | Q142: =G142+H142+I142+J142+K142 | R142: =IF(P142=0,"",ROUND(Q142/P142,1)) | S142: =IFERROR(VLOOKUP(A142,Параметры!$A$4:$D$6,4,FALSE),0) | T142: =IF(P142=0,0,MAX(0,ROUND(P142*(2+1)-Q142,0))) | U142: =IF(P142=0,"нет продаж",IF(R142="","",IF(R142<3,"ГОРИТ",IF(R142>12,"затоварен","норм"))))
A143: косметика | B143: VT REEDLE SHOT 100 / Бустер-сыворотка с микроиглами | C143: 1123494802 | E143: 88096956783630 | F143: 974 | G143: 397 | L143: 1.1 | P143: =SUM(L143:O143) | Q143: =G143+H143+I143+J143+K143 | R143: =IF(P143=0,"",ROUND(Q143/P143,1)) | S143: =IFERROR(VLOOKUP(A143,Параметры!$A$4:$D$6,4,FALSE),0) | T143: =IF(P143=0,0,MAX(0,ROUND(P143*(2+1)-Q143,0))) | U143: =IF(P143=0,"нет продаж",IF(R143="","",IF(R143<3,"ГОРИТ",IF(R143>12,"затоварен","норм"))))
A144: косметика | B144: COSRX - Advanced Snail 96 Mucin Power Essence [100ml] / Высокоактивная эссенция для лица с 96% муцина улитки | C144: 207481251 | E144: 20394552047920 | F144: 757 | G144: 0 | L144: 0 | P144: =SUM(L144:O144) | Q144: =G144+H144+I144+J144+K144 | R144: =IF(P144=0,"",ROUND(Q144/P144,1)) | S144: =IFERROR(VLOOKUP(A144,Параметры!$A$4:$D$6,4,FALSE),0) | T144: =IF(P144=0,0,MAX(0,ROUND(P144*(2+1)-Q144,0))) | U144: =IF(P144=0,"нет продаж",IF(R144="","",IF(R144<3,"ГОРИТ",IF(R144>12,"затоварен","норм"))))
A145: косметика | B145: DEOPROCE RINSE - BLACK GARLIC INTENSME ENERGY [1000ml] / Бальзам от выпадения волос Чёрный чеснок | C145: 214305584 | F145: 359 | G145: 0 | L145: 0 | P145: =SUM(L145:O145) | Q145: =G145+H145+I145+J145+K145 | R145: =IF(P145=0,"",ROUND(Q145/P145,1)) | S145: =IFERROR(VLOOKUP(A145,Параметры!$A$4:$D$6,4,FALSE),0) | T145: =IF(P145=0,0,MAX(0,ROUND(P145*(2+1)-Q145,0))) | U145: =IF(P145=0,"нет продаж",IF(R145="","",IF(R145<3,"ГОРИТ",IF(R145>12,"затоварен","норм"))))
A146: косметика | B146: DEOPROCE SHAMPOO - ARGAN SILKY MOISTURE [1000ml] / Шампунь для волос с аргановым маслом | C146: 214305705 | F146: 368 | G146: 0 | L146: 0 | P146: =SUM(L146:O146) | Q146: =G146+H146+I146+J146+K146 | R146: =IF(P146=0,"",ROUND(Q146/P146,1)) | S146: =IFERROR(VLOOKUP(A146,Параметры!$A$4:$D$6,4,FALSE),0) | T146: =IF(P146=0,0,MAX(0,ROUND(P146*(2+1)-Q146,0))) | U146: =IF(P146=0,"нет продаж",IF(R146="","",IF(R146<3,"ГОРИТ",IF(R146>12,"затоварен","норм"))))
A147: косметика | B147: DEOPROCE SHAMPOO - ARGAN SILKY MOISTURE [1000ml] / Шампунь для волос с аргановым маслом | C147: 307087534 | F147: 368 | G147: 0 | L147: 0 | P147: =SUM(L147:O147) | Q147: =G147+H147+I147+J147+K147 | R147: =IF(P147=0,"",ROUND(Q147/P147,1)) | S147: =IFERROR(VLOOKUP(A147,Параметры!$A$4:$D$6,4,FALSE),0) | T147: =IF(P147=0,0,MAX(0,ROUND(P147*(2+1)-Q147,0))) | U147: =IF(P147=0,"нет продаж",IF(R147="","",IF(R147<3,"ГОРИТ",IF(R147>12,"затоварен","норм"))))
A148: косметика | B148: DEOPROCE - AC CICA CALMING BOOSTING TONER [150ml] / Успокаивающий тонизирующий тонер | C148: 214301052 | F148: 293 | G148: 0 | L148: 0 | P148: =SUM(L148:O148) | Q148: =G148+H148+I148+J148+K148 | R148: =IF(P148=0,"",ROUND(Q148/P148,1)) | S148: =IFERROR(VLOOKUP(A148,Параметры!$A$4:$D$6,4,FALSE),0) | T148: =IF(P148=0,0,MAX(0,ROUND(P148*(2+1)-Q148,0))) | U148: =IF(P148=0,"нет продаж",IF(R148="","",IF(R148<3,"ГОРИТ",IF(R148>12,"затоварен","норм"))))
A149: косметика | B149: DEOPROCE - REAL FRESH VEGAN CALMING TONER [200ml] / Успокаивающий тоник для лица | C149: 214304289 | F149: 268 | G149: 0 | L149: 0 | P149: =SUM(L149:O149) | Q149: =G149+H149+I149+J149+K149 | R149: =IF(P149=0,"",ROUND(Q149/P149,1)) | S149: =IFERROR(VLOOKUP(A149,Параметры!$A$4:$D$6,4,FALSE),0) | T149: =IF(P149=0,0,MAX(0,ROUND(P149*(2+1)-Q149,0))) | U149: =IF(P149=0,"нет продаж",IF(R149="","",IF(R149<3,"ГОРИТ",IF(R149>12,"затоварен","норм"))))
A150: косметика | B150: DR. JART - Ctrl+A Teatreatment Moisturizer [50ml] / Увлажняющий лечебный крем для лица против акне | C150: 199426060 | F150: 928 | G150: 0 | L150: 0 | P150: =SUM(L150:O150) | Q150: =G150+H150+I150+J150+K150 | R150: =IF(P150=0,"",ROUND(Q150/P150,1)) | S150: =IFERROR(VLOOKUP(A150,Параметры!$A$4:$D$6,4,FALSE),0) | T150: =IF(P150=0,0,MAX(0,ROUND(P150*(2+1)-Q150,0))) | U150: =IF(P150=0,"нет продаж",IF(R150="","",IF(R150<3,"ГОРИТ",IF(R150>12,"затоварен","норм"))))
A151: косметика | B151: DR. JART - Ctrl+A Teatreatment Soothing Spot AI [15ml] / Корректор для лица против акне | C151: 199425671 | F151: 667 | G151: 0 | L151: 0 | P151: =SUM(L151:O151) | Q151: =G151+H151+I151+J151+K151 | R151: =IF(P151=0,"",ROUND(Q151/P151,1)) | S151: =IFERROR(VLOOKUP(A151,Параметры!$A$4:$D$6,4,FALSE),0) | T151: =IF(P151=0,0,MAX(0,ROUND(P151*(2+1)-Q151,0))) | U151: =IF(P151=0,"нет продаж",IF(R151="","",IF(R151<3,"ГОРИТ",IF(R151>12,"затоварен","норм"))))
A152: косметика | B152: DR. JART - Dermaclear Micro Foam [120ml] / Гель пенка для умывания лица | C152: 199367159 | F152: 690 | G152: 0 | L152: 0 | P152: =SUM(L152:O152) | Q152: =G152+H152+I152+J152+K152 | R152: =IF(P152=0,"",ROUND(Q152/P152,1)) | S152: =IFERROR(VLOOKUP(A152,Параметры!$A$4:$D$6,4,FALSE),0) | T152: =IF(P152=0,0,MAX(0,ROUND(P152*(2+1)-Q152,0))) | U152: =IF(P152=0,"нет продаж",IF(R152="","",IF(R152<3,"ГОРИТ",IF(R152>12,"затоварен","норм"))))
A153: косметика | B153: EKEL - Ampoule Toner Collagen [150ml] / Увлажняющий тоник для лица омолаживающий тонер | C153: 190160197 | F153: 234 | G153: 0 | L153: 0 | P153: =SUM(L153:O153) | Q153: =G153+H153+I153+J153+K153 | R153: =IF(P153=0,"",ROUND(Q153/P153,1)) | S153: =IFERROR(VLOOKUP(A153,Параметры!$A$4:$D$6,4,FALSE),0) | T153: =IF(P153=0,0,MAX(0,ROUND(P153*(2+1)-Q153,0))) | U153: =IF(P153=0,"нет продаж",IF(R153="","",IF(R153<3,"ГОРИТ",IF(R153>12,"затоварен","норм"))))
A154: косметика | B154: EKEL - Ampoule Cream Collagen [50ml] / Ампульный крем с коллагеном | C154: 207479264 | F154: 219 | G154: 0 | L154: 0 | P154: =SUM(L154:O154) | Q154: =G154+H154+I154+J154+K154 | R154: =IF(P154=0,"",ROUND(Q154/P154,1)) | S154: =IFERROR(VLOOKUP(A154,Параметры!$A$4:$D$6,4,FALSE),0) | T154: =IF(P154=0,0,MAX(0,ROUND(P154*(2+1)-Q154,0))) | U154: =IF(P154=0,"нет продаж",IF(R154="","",IF(R154<3,"ГОРИТ",IF(R154>12,"затоварен","норм"))))
A155: косметика | B155: ELIZAVECCA - Hell-Pore Control Hyaluronic Acid 97 / Сыворотка для лица с гиалуроновой кислотой 97% | C155: 154163936 | E155: 20376491905480 | F155: 379 | G155: 0 | L155: 0 | P155: =SUM(L155:O155) | Q155: =G155+H155+I155+J155+K155 | R155: =IF(P155=0,"",ROUND(Q155/P155,1)) | S155: =IFERROR(VLOOKUP(A155,Параметры!$A$4:$D$6,4,FALSE),0) | T155: =IF(P155=0,0,MAX(0,ROUND(P155*(2+1)-Q155,0))) | U155: =IF(P155=0,"нет продаж",IF(R155="","",IF(R155<3,"ГОРИТ",IF(R155>12,"затоварен","норм"))))
A156: косметика | B156: ELIZAVECCA - Milky Piggy Carbonated Bubble Clay Pack / Глиняно-пузырьковая маска для лица - новая | C156: 307071318 | F156: 512 | G156: 0 | L156: 0 | P156: =SUM(L156:O156) | Q156: =G156+H156+I156+J156+K156 | R156: =IF(P156=0,"",ROUND(Q156/P156,1)) | S156: =IFERROR(VLOOKUP(A156,Параметры!$A$4:$D$6,4,FALSE),0) | T156: =IF(P156=0,0,MAX(0,ROUND(P156*(2+1)-Q156,0))) | U156: =IF(P156=0,"нет продаж",IF(R156="","",IF(R156<3,"ГОРИТ",IF(R156>12,"затоварен","норм"))))
A157: косметика | B157: ELIZAVECCA - Milky Piggy Hell-Pore Clean Up Enzyme Powder Wash / Очищаемая энзимная пудра для умывания | C157: 207795785 | F157: 532 | G157: 0 | L157: 0 | P157: =SUM(L157:O157) | Q157: =G157+H157+I157+J157+K157 | R157: =IF(P157=0,"",ROUND(Q157/P157,1)) | S157: =IFERROR(VLOOKUP(A157,Параметры!$A$4:$D$6,4,FALSE),0) | T157: =IF(P157=0,0,MAX(0,ROUND(P157*(2+1)-Q157,0))) | U157: =IF(P157=0,"нет продаж",IF(R157="","",IF(R157<3,"ГОРИТ",IF(R157>12,"затоварен","норм"))))
A158: косметика | B158: ELIZAVECCA - Milky Piggy Hell-Pore Clean Up Enzyme Powder Wash / Очищаемая энзимная пудра для умывания | C158: 333321028 | F158: 532 | G158: 0 | L158: 0 | P158: =SUM(L158:O158) | Q158: =G158+H158+I158+J158+K158 | R158: =IF(P158=0,"",ROUND(Q158/P158,1)) | S158: =IFERROR(VLOOKUP(A158,Параметры!$A$4:$D$6,4,FALSE),0) | T158: =IF(P158=0,0,MAX(0,ROUND(P158*(2+1)-Q158,0))) | U158: =IF(P158=0,"нет продаж",IF(R158="","",IF(R158<3,"ГОРИТ",IF(R158>12,"затоварен","норм"))))
A159: косметика | B159: ELIZAVECCA - Natural 90% Olive Cleansing Oil / Очищающее гидрофильное масло с экстрактом оливы 90% | C159: 207796439 | F159: 672 | G159: 0 | L159: 0 | P159: =SUM(L159:O159) | Q159: =G159+H159+I159+J159+K159 | R159: =IF(P159=0,"",ROUND(Q159/P159,1)) | S159: =IFERROR(VLOOKUP(A159,Параметры!$A$4:$D$6,4,FALSE),0) | T159: =IF(P159=0,0,MAX(0,ROUND(P159*(2+1)-Q159,0))) | U159: =IF(P159=0,"нет продаж",IF(R159="","",IF(R159<3,"ГОРИТ",IF(R159>12,"затоварен","норм"))))
A160: косметика | B160: ENOUGH - Collagen Moisture Foundation [Tone 23] / Тональный крем для лица с коллагеном 23 тон | C160: 611747838 | E160: 20472339198130 | F160: 243 | G160: 0 | L160: 0 | P160: =SUM(L160:O160) | Q160: =G160+H160+I160+J160+K160 | R160: =IF(P160=0,"",ROUND(Q160/P160,1)) | S160: =IFERROR(VLOOKUP(A160,Параметры!$A$4:$D$6,4,FALSE),0) | T160: =IF(P160=0,0,MAX(0,ROUND(P160*(2+1)-Q160,0))) | U160: =IF(P160=0,"нет продаж",IF(R160="","",IF(R160<3,"ГОРИТ",IF(R160>12,"затоварен","норм"))))
A161: косметика | B161: ENOUGH Collagen whitening cover tip concealer #01 [9g]/Консилер для лица | C161: 611717011 | F161: 183 | G161: 0 | L161: 0 | P161: =SUM(L161:O161) | Q161: =G161+H161+I161+J161+K161 | R161: =IF(P161=0,"",ROUND(Q161/P161,1)) | S161: =IFERROR(VLOOKUP(A161,Параметры!$A$4:$D$6,4,FALSE),0) | T161: =IF(P161=0,0,MAX(0,ROUND(P161*(2+1)-Q161,0))) | U161: =IF(P161=0,"нет продаж",IF(R161="","",IF(R161<3,"ГОРИТ",IF(R161>12,"затоварен","норм"))))
A162: косметика | B162: ENOUGH Collagen whitening cover tip concealer #02 [9g]/Консилер для лица | C162: 611744611 | E162: 20472338599350 | F162: 183 | G162: 0 | L162: 0 | P162: =SUM(L162:O162) | Q162: =G162+H162+I162+J162+K162 | R162: =IF(P162=0,"",ROUND(Q162/P162,1)) | S162: =IFERROR(VLOOKUP(A162,Параметры!$A$4:$D$6,4,FALSE),0) | T162: =IF(P162=0,0,MAX(0,ROUND(P162*(2+1)-Q162,0))) | U162: =IF(P162=0,"нет продаж",IF(R162="","",IF(R162<3,"ГОРИТ",IF(R162>12,"затоварен","норм"))))
A163: косметика | B163: ENOUGH Collagen whitening cover tip concealer #03 [9g]/ Консилер для лица | C163: 611745490 | E163: 20472338772360 | F163: 183 | G163: 0 | L163: 0 | P163: =SUM(L163:O163) | Q163: =G163+H163+I163+J163+K163 | R163: =IF(P163=0,"",ROUND(Q163/P163,1)) | S163: =IFERROR(VLOOKUP(A163,Параметры!$A$4:$D$6,4,FALSE),0) | T163: =IF(P163=0,0,MAX(0,ROUND(P163*(2+1)-Q163,0))) | U163: =IF(P163=0,"нет продаж",IF(R163="","",IF(R163<3,"ГОРИТ",IF(R163>12,"затоварен","норм"))))
A164: косметика | B164: ENOUGH - Collagen Moisture Sun Cream SPF50+ PA++++ [50ml] / Увлажняющий солнцезащитный крем с коллагеном | C164: 333318356 | E164: 20428613130710 | F164: 181 | G164: 0 | L164: 0 | P164: =SUM(L164:O164) | Q164: =G164+H164+I164+J164+K164 | R164: =IF(P164=0,"",ROUND(Q164/P164,1)) | S164: =IFERROR(VLOOKUP(A164,Параметры!$A$4:$D$6,4,FALSE),0) | T164: =IF(P164=0,0,MAX(0,ROUND(P164*(2+1)-Q164,0))) | U164: =IF(P164=0,"нет продаж",IF(R164="","",IF(R164<3,"ГОРИТ",IF(R164>12,"затоварен","норм"))))
A165: косметика | B165: ENOUGH - Collagen Moisture Sun Cream SPF50+ PA++++ [50ml] / Увлажняющий солнцезащитный крем с коллагеном | C165: 333319980 | E165: 20428613301390 | F165: 181 | G165: 0 | L165: 0 | P165: =SUM(L165:O165) | Q165: =G165+H165+I165+J165+K165 | R165: =IF(P165=0,"",ROUND(Q165/P165,1)) | S165: =IFERROR(VLOOKUP(A165,Параметры!$A$4:$D$6,4,FALSE),0) | T165: =IF(P165=0,0,MAX(0,ROUND(P165*(2+1)-Q165,0))) | U165: =IF(P165=0,"нет продаж",IF(R165="","",IF(R165<3,"ГОРИТ",IF(R165>12,"затоварен","норм"))))
A166: косметика | B166: HEIMISH - All Clean Balm [120ml] / Очищающий гидрофильный бальзам щербет | C166: 207464799 | E166: 20394548206650 | F166: 686 | G166: 0 | L166: 0 | P166: =SUM(L166:O166) | Q166: =G166+H166+I166+J166+K166 | R166: =IF(P166=0,"",ROUND(Q166/P166,1)) | S166: =IFERROR(VLOOKUP(A166,Параметры!$A$4:$D$6,4,FALSE),0) | T166: =IF(P166=0,0,MAX(0,ROUND(P166*(2+1)-Q166,0))) | U166: =IF(P166=0,"нет продаж",IF(R166="","",IF(R166<3,"ГОРИТ",IF(R166>12,"затоварен","норм"))))
A167: косметика | B167: I'm Sorry For My Skin - Age Capture Firming Enriched Cream / Увлажняющий капсульный крем | C167: 206122859 | F167: 573 | G167: 0 | L167: 0 | P167: =SUM(L167:O167) | Q167: =G167+H167+I167+J167+K167 | R167: =IF(P167=0,"",ROUND(Q167/P167,1)) | S167: =IFERROR(VLOOKUP(A167,Параметры!$A$4:$D$6,4,FALSE),0) | T167: =IF(P167=0,0,MAX(0,ROUND(P167*(2+1)-Q167,0))) | U167: =IF(P167=0,"нет продаж",IF(R167="","",IF(R167<3,"ГОРИТ",IF(R167>12,"затоварен","норм"))))
A168: косметика | B168: I'm Sorry For My Skin - Age Capture Skin Relief Cream / Увлажняющий капсульный крем | C168: 206125905 | F168: 616 | G168: 0 | L168: 0 | P168: =SUM(L168:O168) | Q168: =G168+H168+I168+J168+K168 | R168: =IF(P168=0,"",ROUND(Q168/P168,1)) | S168: =IFERROR(VLOOKUP(A168,Параметры!$A$4:$D$6,4,FALSE),0) | T168: =IF(P168=0,0,MAX(0,ROUND(P168*(2+1)-Q168,0))) | U168: =IF(P168=0,"нет продаж",IF(R168="","",IF(R168<3,"ГОРИТ",IF(R168>12,"затоварен","норм"))))
A169: косметика | B169: I'm Sorry For My Skin - Age Capture Hydrating Cream / Увлажняющий капсульный крем | C169: 206135397 | F169: 616 | G169: 0 | L169: 0 | P169: =SUM(L169:O169) | Q169: =G169+H169+I169+J169+K169 | R169: =IF(P169=0,"",ROUND(Q169/P169,1)) | S169: =IFERROR(VLOOKUP(A169,Параметры!$A$4:$D$6,4,FALSE),0) | T169: =IF(P169=0,0,MAX(0,ROUND(P169*(2+1)-Q169,0))) | U169: =IF(P169=0,"нет продаж",IF(R169="","",IF(R169<3,"ГОРИТ",IF(R169>12,"затоварен","норм"))))
A170: косметика | B170: ISNTREE - Chestnut AHA 8% Clear Essence [100ml] / Увлажняющая эссенция для глубокого очищения лица | C170: 207817787 | E170: 20394594503310 | F170: 540 | G170: 0 | L170: 0 | P170: =SUM(L170:O170) | Q170: =G170+H170+I170+J170+K170 | R170: =IF(P170=0,"",ROUND(Q170/P170,1)) | S170: =IFERROR(VLOOKUP(A170,Параметры!$A$4:$D$6,4,FALSE),0) | T170: =IF(P170=0,0,MAX(0,ROUND(P170*(2+1)-Q170,0))) | U170: =IF(P170=0,"нет продаж",IF(R170="","",IF(R170<3,"ГОРИТ",IF(R170>12,"затоварен","норм"))))
A171: косметика | B171: ISNTREE - Onion Newpair Gel Cream [50ml] / Успокаивающий крем от покраснений и акне прыщей с экстрактом лука Муана | C171: 212720615 | E171: 20395650974820 | F171: 1073 | G171: 0 | L171: 0 | P171: =SUM(L171:O171) | Q171: =G171+H171+I171+J171+K171 | R171: =IF(P171=0,"",ROUND(Q171/P171,1)) | S171: =IFERROR(VLOOKUP(A171,Параметры!$A$4:$D$6,4,FALSE),0) | T171: =IF(P171=0,0,MAX(0,ROUND(P171*(2+1)-Q171,0))) | U171: =IF(P171=0,"нет продаж",IF(R171="","",IF(R171<3,"ГОРИТ",IF(R171>12,"затоварен","норм"))))
A172: косметика | B172: JMSOLUTION - MASK PACK BLACK [30ml*7ea] - ассорти набор из 7шт | C172: 276234188 | F172: 266 | G172: 0 | L172: 0 | P172: =SUM(L172:O172) | Q172: =G172+H172+I172+J172+K172 | R172: =IF(P172=0,"",ROUND(Q172/P172,1)) | S172: =IFERROR(VLOOKUP(A172,Параметры!$A$4:$D$6,4,FALSE),0) | T172: =IF(P172=0,0,MAX(0,ROUND(P172*(2+1)-Q172,0))) | U172: =IF(P172=0,"нет продаж",IF(R172="","",IF(R172<3,"ГОРИТ",IF(R172>12,"затоварен","норм"))))
A173: косметика | B173: JMSOLUTION - MASK PACK BLACK [30ml*5ea] - ассорти набор из 5шт | C173: 276234187 | F173: 187 | G173: 0 | L173: 0 | P173: =SUM(L173:O173) | Q173: =G173+H173+I173+J173+K173 | R173: =IF(P173=0,"",ROUND(Q173/P173,1)) | S173: =IFERROR(VLOOKUP(A173,Параметры!$A$4:$D$6,4,FALSE),0) | T173: =IF(P173=0,0,MAX(0,ROUND(P173*(2+1)-Q173,0))) | U173: =IF(P173=0,"нет продаж",IF(R173="","",IF(R173<3,"ГОРИТ",IF(R173>12,"затоварен","норм"))))
A174: косметика | B174: JMSOLUTION - MASK PACK BLACK [30ml*3ea] - ассорти набор из 3шт | C174: 333259568 | F174: 122 | G174: 0 | L174: 0 | P174: =SUM(L174:O174) | Q174: =G174+H174+I174+J174+K174 | R174: =IF(P174=0,"",ROUND(Q174/P174,1)) | S174: =IFERROR(VLOOKUP(A174,Параметры!$A$4:$D$6,4,FALSE),0) | T174: =IF(P174=0,0,MAX(0,ROUND(P174*(2+1)-Q174,0))) | U174: =IF(P174=0,"нет продаж",IF(R174="","",IF(R174<3,"ГОРИТ",IF(R174>12,"затоварен","норм"))))
A175: косметика | B175: JMSOLUTION - MASK PACK BLACK [30ml*6ea] - ассорти набор из 6шт | C175: 333259565 | F175: 232 | G175: 0 | L175: 0 | P175: =SUM(L175:O175) | Q175: =G175+H175+I175+J175+K175 | R175: =IF(P175=0,"",ROUND(Q175/P175,1)) | S175: =IFERROR(VLOOKUP(A175,Параметры!$A$4:$D$6,4,FALSE),0) | T175: =IF(P175=0,0,MAX(0,ROUND(P175*(2+1)-Q175,0))) | U175: =IF(P175=0,"нет продаж",IF(R175="","",IF(R175<3,"ГОРИТ",IF(R175>12,"затоварен","норм"))))
A176: косметика | B176: JMSOLUTION - MASK PACK BLACK [30ml*8ea] - ассорти набор из 8шт | C176: 333259566 | F176: 328 | G176: 0 | L176: 0 | P176: =SUM(L176:O176) | Q176: =G176+H176+I176+J176+K176 | R176: =IF(P176=0,"",ROUND(Q176/P176,1)) | S176: =IFERROR(VLOOKUP(A176,Параметры!$A$4:$D$6,4,FALSE),0) | T176: =IF(P176=0,0,MAX(0,ROUND(P176*(2+1)-Q176,0))) | U176: =IF(P176=0,"нет продаж",IF(R176="","",IF(R176<3,"ГОРИТ",IF(R176>12,"затоварен","норм"))))
A177: косметика | B177: JMSOLUTION - MASK PACK DISNEY [30ml*9ea] - ассорти набор из 9шт | C177: 308308562 | F177: 427 | G177: 0 | L177: 0 | P177: =SUM(L177:O177) | Q177: =G177+H177+I177+J177+K177 | R177: =IF(P177=0,"",ROUND(Q177/P177,1)) | S177: =IFERROR(VLOOKUP(A177,Параметры!$A$4:$D$6,4,FALSE),0) | T177: =IF(P177=0,0,MAX(0,ROUND(P177*(2+1)-Q177,0))) | U177: =IF(P177=0,"нет продаж",IF(R177="","",IF(R177<3,"ГОРИТ",IF(R177>12,"затоварен","норм"))))
A178: косметика | B178: JMSOLUTION - MASK PACK DISNEY [30ml*6ea] - ассорти набор из 6шт | C178: 316109394 | F178: 284 | G178: 0 | L178: 0 | P178: =SUM(L178:O178) | Q178: =G178+H178+I178+J178+K178 | R178: =IF(P178=0,"",ROUND(Q178/P178,1)) | S178: =IFERROR(VLOOKUP(A178,Параметры!$A$4:$D$6,4,FALSE),0) | T178: =IF(P178=0,0,MAX(0,ROUND(P178*(2+1)-Q178,0))) | U178: =IF(P178=0,"нет продаж",IF(R178="","",IF(R178<3,"ГОРИТ",IF(R178>12,"затоварен","норм"))))
A179: косметика | B179: JMSOLUTION - Lacto Saccharomyces Golden Rice Mask Plus [30ml*10ea] / Маска с лактобактериями | C179: 333718186 | F179: 450 | G179: 0 | L179: 0 | P179: =SUM(L179:O179) | Q179: =G179+H179+I179+J179+K179 | R179: =IF(P179=0,"",ROUND(Q179/P179,1)) | S179: =IFERROR(VLOOKUP(A179,Параметры!$A$4:$D$6,4,FALSE),0) | T179: =IF(P179=0,0,MAX(0,ROUND(P179*(2+1)-Q179,0))) | U179: =IF(P179=0,"нет продаж",IF(R179="","",IF(R179<3,"ГОРИТ",IF(R179>12,"затоварен","норм"))))
A180: косметика | B180: LEBELAGE - Dr. Snail Derma Eye Cream [40ml] / Крем для глаз антивозрастной с улиточным муцином | C180: 210579932 | F180: 108 | G180: 0 | L180: 0 | P180: =SUM(L180:O180) | Q180: =G180+H180+I180+J180+K180 | R180: =IF(P180=0,"",ROUND(Q180/P180,1)) | S180: =IFERROR(VLOOKUP(A180,Параметры!$A$4:$D$6,4,FALSE),0) | T180: =IF(P180=0,0,MAX(0,ROUND(P180*(2+1)-Q180,0))) | U180: =IF(P180=0,"нет продаж",IF(R180="","",IF(R180<3,"ГОРИТ",IF(R180>12,"затоварен","норм"))))
A181: косметика | B181: MANYO - Bifida Biome Concentrate Cream [50ml] / Крем для лица омолаживающий антивозрастной | C181: 198148122 | F181: 1417 | G181: 0 | L181: 0 | P181: =SUM(L181:O181) | Q181: =G181+H181+I181+J181+K181 | R181: =IF(P181=0,"",ROUND(Q181/P181,1)) | S181: =IFERROR(VLOOKUP(A181,Параметры!$A$4:$D$6,4,FALSE),0) | T181: =IF(P181=0,0,MAX(0,ROUND(P181*(2+1)-Q181,0))) | U181: =IF(P181=0,"нет продаж",IF(R181="","",IF(R181<3,"ГОРИТ",IF(R181>12,"затоварен","норм"))))
A182: косметика | B182: MANYO - Pure Aqua Peeling Gel [120ml] / Пилинг гель с кислотой PHA для сияния кожи | C182: 198156358 | E182: 20392394897110 | F182: 414 | G182: 0 | L182: 0 | P182: =SUM(L182:O182) | Q182: =G182+H182+I182+J182+K182 | R182: =IF(P182=0,"",ROUND(Q182/P182,1)) | S182: =IFERROR(VLOOKUP(A182,Параметры!$A$4:$D$6,4,FALSE),0) | T182: =IF(P182=0,0,MAX(0,ROUND(P182*(2+1)-Q182,0))) | U182: =IF(P182=0,"нет продаж",IF(R182="","",IF(R182<3,"ГОРИТ",IF(R182>12,"затоварен","норм"))))
A183: косметика | B183: MANYO - Bifida Biome Ampoule Toner [400ml] / Ампульный укрепляющий тонер с бифидобактериями | C183: 205054338 | E183: 20394100018170 | F183: 735 | G183: 0 | L183: 0 | P183: =SUM(L183:O183) | Q183: =G183+H183+I183+J183+K183 | R183: =IF(P183=0,"",ROUND(Q183/P183,1)) | S183: =IFERROR(VLOOKUP(A183,Параметры!$A$4:$D$6,4,FALSE),0) | T183: =IF(P183=0,0,MAX(0,ROUND(P183*(2+1)-Q183,0))) | U183: =IF(P183=0,"нет продаж",IF(R183="","",IF(R183<3,"ГОРИТ",IF(R183>12,"затоварен","норм"))))
A184: косметика | B184: PETITFEE - Chamomile Lightening Hydrogel Mask Pack [5pcs] / Успокаивающая гидрогелевая маска для лица с экстрактом ромашки | C184: 226117746 | F184: 497 | G184: 0 | L184: 0 | P184: =SUM(L184:O184) | Q184: =G184+H184+I184+J184+K184 | R184: =IF(P184=0,"",ROUND(Q184/P184,1)) | S184: =IFERROR(VLOOKUP(A184,Параметры!$A$4:$D$6,4,FALSE),0) | T184: =IF(P184=0,0,MAX(0,ROUND(P184*(2+1)-Q184,0))) | U184: =IF(P184=0,"нет продаж",IF(R184="","",IF(R184<3,"ГОРИТ",IF(R184>12,"затоварен","норм"))))
A185: косметика | B185: ROUND LAB BIRCH JUICE MOISTURIZING CLEANSER_150ml - Гель для умывания лица увлажняющий | C185: 437203627 | F185: 512 | G185: 0 | L185: 0 | P185: =SUM(L185:O185) | Q185: =G185+H185+I185+J185+K185 | R185: =IF(P185=0,"",ROUND(Q185/P185,1)) | S185: =IFERROR(VLOOKUP(A185,Параметры!$A$4:$D$6,4,FALSE),0) | T185: =IF(P185=0,0,MAX(0,ROUND(P185*(2+1)-Q185,0))) | U185: =IF(P185=0,"нет продаж",IF(R185="","",IF(R185<3,"ГОРИТ",IF(R185>12,"затоварен","норм"))))
A186: косметика | B186: ROUND LAB VITA NIACINAMIDE DARK SPOT SERUM 30ml - Сыворотка для лица c витамином С и ниацинамидом | C186: 437797551 | E186: 20443365609800 | F186: 957 | G186: 0 | L186: 0 | P186: =SUM(L186:O186) | Q186: =G186+H186+I186+J186+K186 | R186: =IF(P186=0,"",ROUND(Q186/P186,1)) | S186: =IFERROR(VLOOKUP(A186,Параметры!$A$4:$D$6,4,FALSE),0) | T186: =IF(P186=0,0,MAX(0,ROUND(P186*(2+1)-Q186,0))) | U186: =IF(P186=0,"нет продаж",IF(R186="","",IF(R186<3,"ГОРИТ",IF(R186>12,"затоварен","норм"))))
A187: косметика | B187: ROUND LAB MUGWORT CALMING TONER_300ml - Тоник для лица увлажняющий успокаивающий | C187: 437238521 | F187: 820 | G187: 0 | L187: 0 | P187: =SUM(L187:O187) | Q187: =G187+H187+I187+J187+K187 | R187: =IF(P187=0,"",ROUND(Q187/P187,1)) | S187: =IFERROR(VLOOKUP(A187,Параметры!$A$4:$D$6,4,FALSE),0) | T187: =IF(P187=0,0,MAX(0,ROUND(P187*(2+1)-Q187,0))) | U187: =IF(P187=0,"нет продаж",IF(R187="","",IF(R187<3,"ГОРИТ",IF(R187>12,"затоварен","норм"))))
A188: косметика | B188: ROUND LAB MUGWORT CALMING SOOTHING GEL_150ml - Увлажняющий крем гель для лица и тела от воспалений | C188: 437248870 | F188: 622 | G188: 0 | L188: 0 | P188: =SUM(L188:O188) | Q188: =G188+H188+I188+J188+K188 | R188: =IF(P188=0,"",ROUND(Q188/P188,1)) | S188: =IFERROR(VLOOKUP(A188,Параметры!$A$4:$D$6,4,FALSE),0) | T188: =IF(P188=0,0,MAX(0,ROUND(P188*(2+1)-Q188,0))) | U188: =IF(P188=0,"нет продаж",IF(R188="","",IF(R188<3,"ГОРИТ",IF(R188>12,"затоварен","норм"))))
A189: косметика | B189: SOME BY MI - AHA-BHA-PHA 30 Days Miracle Acne Clear Body Cleanser [400g] /Очищающий гель-пенка для тела от прыщей и воспалений 400g | C189: 248928555 | F189: 984 | G189: 0 | L189: 0 | P189: =SUM(L189:O189) | Q189: =G189+H189+I189+J189+K189 | R189: =IF(P189=0,"",ROUND(Q189/P189,1)) | S189: =IFERROR(VLOOKUP(A189,Параметры!$A$4:$D$6,4,FALSE),0) | T189: =IF(P189=0,0,MAX(0,ROUND(P189*(2+1)-Q189,0))) | U189: =IF(P189=0,"нет продаж",IF(R189="","",IF(R189<3,"ГОРИТ",IF(R189>12,"затоварен","норм"))))
A190: косметика | B190: SOME BY MI - AHA-BHA-PHA 30 Days Miracle Cream [60g] / Крем для лица | C190: 248929125 | E190: 20408212598890 | F190: 1057 | G190: 55 | L190: 0 | P190: =SUM(L190:O190) | Q190: =G190+H190+I190+J190+K190 | R190: =IF(P190=0,"",ROUND(Q190/P190,1)) | S190: =IFERROR(VLOOKUP(A190,Параметры!$A$4:$D$6,4,FALSE),0) | T190: =IF(P190=0,0,MAX(0,ROUND(P190*(2+1)-Q190,0))) | U190: =IF(P190=0,"нет продаж",IF(R190="","",IF(R190<3,"ГОРИТ",IF(R190>12,"затоварен","норм"))))
A191: косметика | B191: CELIMAX DUAL BARRIER TRIAL KIT [20ml+10ml]/набор для восстановления защитного барьера кожи лица (тонер , крем ) | C191: 551626041 | F191: 485 | G191: 0 | L191: 0 | P191: =SUM(L191:O191) | Q191: =G191+H191+I191+J191+K191 | R191: =IF(P191=0,"",ROUND(Q191/P191,1)) | S191: =IFERROR(VLOOKUP(A191,Параметры!$A$4:$D$6,4,FALSE),0) | T191: =IF(P191=0,0,MAX(0,ROUND(P191*(2+1)-Q191,0))) | U191: =IF(P191=0,"нет продаж",IF(R191="","",IF(R191<3,"ГОРИТ",IF(R191>12,"затоварен","норм"))))
A192: электроника | B192: Рация UV-82 (1 штука) | C192: 208208674 | D192: 208324187 | F192: 1386 | G192: 297 | L192: 8.7 | P192: =SUM(L192:O192) | Q192: =G192+H192+I192+J192+K192 | R192: =IF(P192=0,"",ROUND(Q192/P192,1)) | S192: =IFERROR(VLOOKUP(A192,Параметры!$A$4:$D$6,4,FALSE),0) | T192: =IF(P192=0,0,MAX(0,ROUND(P192*(2+1)-Q192,0))) | U192: =IF(P192=0,"нет продаж",IF(R192="","",IF(R192<3,"ГОРИТ",IF(R192>12,"затоварен","норм"))))
A193: электроника | B193: Робот мойщик окон sBot w300 (приход 1 апреля) | C193: 176944957 | D193: 182676277 | F193: 3366 | G193: 540 | L193: 3.3 | P193: =SUM(L193:O193) | Q193: =G193+H193+I193+J193+K193 | R193: =IF(P193=0,"",ROUND(Q193/P193,1)) | S193: =IFERROR(VLOOKUP(A193,Параметры!$A$4:$D$6,4,FALSE),0) | T193: =IF(P193=0,0,MAX(0,ROUND(P193*(2+1)-Q193,0))) | U193: =IF(P193=0,"нет продаж",IF(R193="","",IF(R193<3,"ГОРИТ",IF(R193>12,"затоварен","норм"))))
A194: электроника | B194: Скалер для зубов ультразвуковой (ирригатор) | C194: 180852804 | D194: 183603636 | F194: 972 | G194: 618 | L194: 3.3 | P194: =SUM(L194:O194) | Q194: =G194+H194+I194+J194+K194 | R194: =IF(P194=0,"",ROUND(Q194/P194,1)) | S194: =IFERROR(VLOOKUP(A194,Параметры!$A$4:$D$6,4,FALSE),0) | T194: =IF(P194=0,0,MAX(0,ROUND(P194*(2+1)-Q194,0))) | U194: =IF(P194=0,"нет продаж",IF(R194="","",IF(R194<3,"ГОРИТ",IF(R194>12,"затоварен","норм"))))
A195: электроника | B195: Видеокамера 4G (новая карточка) | C195: 663654300 | F195: 2049 | G195: 98 | L195: 1.1 | P195: =SUM(L195:O195) | Q195: =G195+H195+I195+J195+K195 | R195: =IF(P195=0,"",ROUND(Q195/P195,1)) | S195: =IFERROR(VLOOKUP(A195,Параметры!$A$4:$D$6,4,FALSE),0) | T195: =IF(P195=0,0,MAX(0,ROUND(P195*(2+1)-Q195,0))) | U195: =IF(P195=0,"нет продаж",IF(R195="","",IF(R195<3,"ГОРИТ",IF(R195>12,"затоварен","норм"))))
A196: электроника | B196: Удлинитель для гирлянд 3 метра | C196: 260389580 | F196: 26 | G196: 3000 | L196: 0 | P196: =SUM(L196:O196) | Q196: =G196+H196+I196+J196+K196 | R196: =IF(P196=0,"",ROUND(Q196/P196,1)) | S196: =IFERROR(VLOOKUP(A196,Параметры!$A$4:$D$6,4,FALSE),0) | T196: =IF(P196=0,0,MAX(0,ROUND(P196*(2+1)-Q196,0))) | U196: =IF(P196=0,"нет продаж",IF(R196="","",IF(R196<3,"ГОРИТ",IF(R196>12,"затоварен","норм"))))
A197: электроника | B197: Лампа белая [26 см] | C197: 198620596 | D197: 208557521 | F197: 452 | G197: 598 | L197: 0 | P197: =SUM(L197:O197) | Q197: =G197+H197+I197+J197+K197 | R197: =IF(P197=0,"",ROUND(Q197/P197,1)) | S197: =IFERROR(VLOOKUP(A197,Параметры!$A$4:$D$6,4,FALSE),0) | T197: =IF(P197=0,0,MAX(0,ROUND(P197*(2+1)-Q197,0))) | U197: =IF(P197=0,"нет продаж",IF(R197="","",IF(R197<3,"ГОРИТ",IF(R197>12,"затоварен","норм"))))
...

Sheet Инструкция
A1: МАСТЕР-ФАЙЛ ПЛАНИРОВАНИЯ — как пользоваться
A3: 1 строка = 1 физический товар (по баркоду/себестоимости). Склад общий на оба магазина.
A4: Жёлтые колонки — заполняешь выгрузками; зелёные считаются сами.
A6: Что заполнить:
A7: - Ост WB Коротич/Крона, Ост Ozon, В пути — из остатков каналов.
A8: - Прод/мес Коротич WB — уже заполнено (Ракета 31.08-27.09). Крона WB, Коротич Ozon, Крона Ozon — из выгрузок.
A10: Считается само:
A11: - Спрос ИТОГО/мес = сумма продаж по 4 витринам.
A12: - Доступно = склад+FBO+Ozon+пути.
A13: - Покрытие мес = доступно / спрос.
A14: - К заказу = спрос×(срок поставки+буфер) − доступно (параметры по категории).
A15: - Статус: ГОРИТ (<3 мес), норм, затоварен (>12 мес), нет продаж.
... A18: Электроника: в основном распродажа неликвида, точечно Рация/Скалер.
