Workbook

Sheet 상품리스트
A1: 신제품 | H1: 0.5
A2: 자재 | B2: 기존자재번호 | C2: Barcode | D2: Product list | E2: Volume | F2: - | G2: Retail Price | H2: Supply Price | I2: Supply Price | J2: TA | K2: BOX | L2: PAL | M2: 크기/치수 | N2: 내역 | O2: 사용기한 | P2: HS Code | Q2: BOX | R2: 박스무게(kg) | S2: g/w (g) | T2: 비고 | U2: 부가세제외가(SAP기준) | V2: 라인명 | W2: CPNP | X2: MoCRA | Y2: Quantity | Z2: Amount
A3: 650012009 | C3: 8809820713396 | D3: ET.Drawi.Eyes.Browcara_07CG_5g(26AD) | E3: 5 | F3: G | G3: 9000 | H3: =ROUNDUP(G3*$H$1,-1) -> 4500 | I3: =H3/1340 -> 3.358209 | J3: 6 | K3: 180 | L3: 11520 | M3: 27*19*121MM(15*15*119) | N3: 신제품 생산/구매 확정 | O3: 36 | P3: 3304209000 | Q3: 422*310*135mm | R3: 6.1 | S3: 30 | U3: 8182 | V3: 드로잉아이즈컬러링브로우카라26AD | W3: =IFERROR(VLOOKUP(A3,'[1]CPNP,SCPN 허가번호 리스트(필터 재정비)'!$C:$J,8,0),0) -> 0 | X3: =IFERROR(VLOOKUP(A3,[2]수록현황_260107!$D:$I,6,0),0) -> 0
A4: 650012013 | C4: 8809820714706 | D4: ET.Drawi.Eyes.Browcara_08DR_5g(26AD) | E4: 5 | F4: G | G4: 9000 | H4: =ROUNDUP(G4*$H$1,-1) -> 4500 | I4: =H4/1340 -> 3.358209 | J4: 6 | K4: 180 | L4: 11520 | M4: 27*19*121MM(15*15*119) | N4: 신제품 생산/구매 확정 | O4: 36 | P4: 3304209000 | Q4: 422*310*135mm | R4: 6.1 | S4: 30 | U4: 8182 | V4: 드로잉아이즈컬러링브로우카라26AD | W4: =IFERROR(VLOOKUP(A4,'[1]CPNP,SCPN 허가번호 리스트(필터 재정비)'!$C:$J,8,0),0) -> 0 | X4: =IFERROR(VLOOKUP(A4,[2]수록현황_260107!$D:$I,6,0),0) -> 0
A5: 650004291 | C5: 8809820714072 | D5: ET.Curl Fix Mascara 05 Long lash 8g | E5: 8 | F5: G | G5: 16000 | H5: =ROUNDUP(G5*$H$1,-1) -> 8000 | I5: =H5/1340 -> 5.9701493 | J5: 6 | K5: 126 | L5: 8064 | M5: 30*21*119MM | N5: 신제품 생산/구매 확정 | O5: 36 | P5: 3304209000 | Q5: 394*324*150mm | R5: 4.228 | S5: 28 | U5: 14545 | V5: 컬픽스마스카라 | W5: =IFERROR(VLOOKUP(A5,'[1]CPNP,SCPN 허가번호 리스트(필터 재정비)'!$C:$J,8,0),0) -> 0 | X5: =IFERROR(VLOOKUP(A5,[2]수록현황_260107!$D:$I,6,0),0) -> 0
A6: 650004287 | C6: 8809820715581 | D6: ET.Bare Edge Slim Brow_06GrayTaupe_0.1g | E6: 0.1 | F6: G | G6: 8000 | H6: =ROUNDUP(G6*$H$1,-1) -> 4000 | I6: =H6/1340 -> 2.9850746 | J6: 10 | K6: 360 | L6: 23040 | M6: 18*11*148MM | N6: 신제품 생산/구매 확정 | O6: 36 | P6: 3304209000 | Q6: 400*272*167mm | R6: 4.3 | S6: 10 | U6: 7273 | V6: 베어엣지슬림브로우 | W6: =IFERROR(VLOOKUP(A6,'[1]CPNP,SCPN 허가번호 리스트(필터 재정비)'!$C:$J,8,0),0) -> 0 | X6: =IFERROR(VLOOKUP(A6,[2]수록현황_260107!$D:$I,6,0),0) -> 0
A7: 650004288 | C7: 8809820715598 | D7: ET.Bare Edge Slim Brow_07RosyTaupe_0.1g | E7: 0.1 | F7: G | G7: 8000 | H7: =ROUNDUP(G7*$H$1,-1) -> 4000 | I7: =H7/1340 -> 2.9850746 | J7: 10 | K7: 360 | L7: 23040 | M7: 18*11*148MM | N7: 신제품 생산/구매 확정 | O7: 36 | P7: 3304209000 | Q7: 400*272*167mm | R7: 4.3 | S7: 10 | U7: 7273 | V7: 베어엣지슬림브로우 | W7: =IFERROR(VLOOKUP(A7,'[1]CPNP,SCPN 허가번호 리스트(필터 재정비)'!$C:$J,8,0),0) -> 0 | X7: =IFERROR(VLOOKUP(A7,[2]수록현황_260107!$D:$I,6,0),0) -> 0
A8: 650003685 | C8: 8809820700228 | D8: ET.(MBS)Bare Edge Makeup Multi Sealer | E8: 8 | F8: G | G8: 15000 | H8: =ROUNDUP(G8*$H$1,-1) -> 7500 | I8: =H8/1340 -> 5.5970149 | J8: 6 | K8: 216 | L8: 12096 | M8: 22*22*78MM | N8: =VLOOKUP(A8,[3]Sheet2!$A:$J,10,0) -> 러닝 본품 B (상위 50~80%) | O8: 24 | P8: 3304992000 | Q8: 394*324*195mm | R8: 17.98 | S8: 48 | U8: 13636 | V8: 베어엣지 | W8: =IFERROR(VLOOKUP(A8,'[1]CPNP,SCPN 허가번호 리스트(필터 재정비)'!$C:$J,8,0),0) -> 0 | X8: =IFERROR(VLOOKUP(A8,[2]수록현황_260107!$D:$I,6,0),0) -> 허가 유효
A9: 650003668 | B9: 650003248 | C9: 8809820695630 | D9: ET.(MBS)Bare Edge Slim brow 01(23) | E9: 0.1 | F9: G | G9: 8000 | H9: =ROUNDUP(G9*$H$1,-1) -> 4000 | I9: =H9/1340 -> 2.9850746 | J9: 10 | K9: 360 | L9: 23040 | M9: 18*11*148MM | N9: =VLOOKUP(A9,[3]Sheet2!$A:$J,10,0) -> 러닝 본품 C (상위 80~95%) | O9: 36 | P9: 3304209000 | Q9: 400*272*167mm | R9: 4.3 | S9: 10 | U9: 7273 | V9: 베어엣지슬림브로우 | W9: =IFERROR(VLOOKUP(A9,'[1]CPNP,SCPN 허가번호 리스트(필터 재정비)'!$C:$J,8,0),0) -> 0 | X9: =IFERROR(VLOOKUP(A9,[2]수록현황_260107!$D:$I,6,0),0) -> 0
A10: 111080745 | B10: 111080630 | C10: 8809820699232 | D10: ET.0.2TherapyAirMask_Aloe_20ml('23) | E10: 20 | F10: ML | G10: 1500 | H10: =ROUNDUP(G10*$H$1,-1) -> 750 | I10: =H10/1340 -> 0.55970149 | J10: 50 | K10: 300 | L10: 18000 | M10: 109*4*170MM | N10: =VLOOKUP(A10,[3]Sheet2!$A:$J,10,0) -> 생산 중지예정 | O10: 36 | P10: 3307904000 | Q10: 430*317*205*mm | R10: 9.7 | S10: 30 | U10: 1364 | V10: 0.2테라피 | W10: =IFERROR(VLOOKUP(A10,'[1]CPNP,SCPN 허가번호 리스트(필터 재정비)'!$C:$J,8,0),0) -> 0 | X10: =IFERROR(VLOOKUP(A10,[2]수록현황_260107!$D:$I,6,0),0) -> 허가 유효
A11: 111080746 | B11: 111080631 | C11: 8809820699249 | D11: ET.0.2TherapyAirMask_TeaTree_20ml('23) | E11: 20 | F11: ML | G11: 1500 | H11: =ROUNDUP(G11*$H$1,-1) -> 750 | I11: =H11/1340 -> 0.55970149 | J11: 50 | K11: 300 | L11: 18000 | M11: 109*4*170MM | N11: =VLOOKUP(A11,[3]Sheet2!$A:$J,10,0) -> 생산 중지예정 | O11: 36 | P11: 3307909000 | Q11: 430*317*205*mm | R11: 9.7 | S11: 30 | U11: 1364 | V11: 0.2테라피 | W11: =IFERROR(VLOOKUP(A11,'[1]CPNP,SCPN 허가번호 리스트(필터 재정비)'!$C:$J,8,0),0) -> 단종 및 내용물 AD 예정 | X11: =IFERROR(VLOOKUP(A11,[2]수록현황_260107!$D:$I,6,0),0) -> 허가 유효
A12: 111080747 | B12: 111080632 | C12: 8809820699256 | D12: ET.0.2TherapyAirMask_GreenTea_20ml('23) | E12: 20 | F12: ML | G12: 1500 | H12: =ROUNDUP(G12*$H$1,-1) -> 750 | I12: =H12/1340 -> 0.55970149 | J12: 50 | K12: 300 | L12: 18000 | M12: 109*4*170MM | N12: =VLOOKUP(A12,[3]Sheet2!$A:$J,10,0) -> 생산 중지예정 | O12: 36 | P12: 3307909000 | Q12: 430*317*205*mm | R12: 9.7 | S12: 30 | U12: 1364 | V12: 0.2테라피 | W12: =IFERROR(VLOOKUP(A12,'[1]CPNP,SCPN 허가번호 리스트(필터 재정비)'!$C:$J,8,0),0) -> 0 | X12: =IFERROR(VLOOKUP(A12,[2]수록현황_260107!$D:$I,6,0),0) -> 허가 유효
A13: 111080748 | B13: 111080633 | C13: 8809820699263 | D13: ET.0.2TherapyAirMask_Pearl_20ml('23) | E13: 20 | F13: ML | G13: 1500 | H13: =ROUNDUP(G13*$H$1,-1) -> 750 | I13: =H13/1340 -> 0.55970149 | J13: 50 | K13: 300 | L13: 18000 | M13: 109*4*170MM | N13: =VLOOKUP(A13,[3]Sheet2!$A:$J,10,0) -> 생산 중지예정 | O13: 36 | P13: 3307909000 | Q13: 430*317*205*mm | R13: 9.7 | S13: 30 | U13: 1364 | V13: 0.2테라피 | W13: =IFERROR(VLOOKUP(A13,'[1]CPNP,SCPN 허가번호 리스트(필터 재정비)'!$C:$J,8,0),0) -> 단종 및 내용물 AD 예정 | X13: =IFERROR(VLOOKUP(A13,[2]수록현황_260107!$D:$I,6,0),0) -> 허가 유효
A14: 111080749 | B14: 111080634 | C14: 8809820699270 | D14: ET.0.2TherapyAirMask_Lemon_20ml('23) | E14: 20 | F14: ML | G14: 1500 | H14: =ROUNDUP(G14*$H$1,-1) -> 750 | I14: =H14/1340 -> 0.55970149 | J14: 50 | K14: 300 | L14: 18000 | M14: 109*4*170MM | N14: =VLOOKUP(A14,[3]Sheet2!$A:$J,10,0) -> 생산 중지예정 | O14: 36 | P14: 3307909000 | Q14: 455*190*260mm | R14: 9.7 | S14: 30 | U14: 1364 | V14: 0.2테라피 | W14: =IFERROR(VLOOKUP(A14,'[1]CPNP,SCPN 허가번호 리스트(필터 재정비)'!$C:$J,8,0),0) -> 0 | X14: =IFERROR(VLOOKUP(A14,[2]수록현황_260107!$D:$I,6,0),0) -> 허가 유효
A15: 111080750 | B15: 111080637 | C15: 8809820699287 | D15: ET.0.2TherapyAirMask_HyaluronicAcid_20ml | E15: 20 | F15: ML | G15: 1500 | H15: =ROUNDUP(G15*$H$1,-1) -> 750 | I15: =H15/1340 -> 0.55970149 | J15: 50 | K15: 300 | L15: 18000 | M15: 109*4*170MM | N15: =VLOOKUP(A15,[3]Sheet2!$A:$J,10,0) -> 생산 중지예정 | O15: 36 | P15: 3307909000 | Q15: 455*190*260mm | R15: 9.7 | S15: 30 | U15: 1364 | V15: 0.2테라피 | W15: =IFERROR(VLOOKUP(A15,'[1]CPNP,SCPN 허가번호 리스트(필터 재정비)'!$C:$J,8,0),0) -> 단종 및 내용물 AD 예정 | X15: =IFERROR(VLOOKUP(A15,[2]수록현황_260107!$D:$I,6,0),0) -> 허가 유효
A16: 111080751 | B16: 111080639 | C16: 8809820699294 | D16: ET.0.2TherapyAirMask_ManukaHoney_20ml('2 | E16: 20 | F16: ML | G16: 1500 | H16: =ROUNDUP(G16*$H$1,-1) -> 750 | I16: =H16/1340 -> 0.55970149 | J16: 50 | K16: 300 | L16: 18000 | M16: 109*4*170MM | N16: =VLOOKUP(A16,[3]Sheet2!$A:$J,10,0) -> 생산 중지예정 | O16: 36 | P16: 3307909000 | Q16: 455*190*260mm | R16: 9.7 | S16: 30 | U16: 1364 | V16: 0.2테라피 | W16: =IFERROR(VLOOKUP(A16,'[1]CPNP,SCPN 허가번호 리스트(필터 재정비)'!$C:$J,8,0),0) -> 0 | X16: =IFERROR(VLOOKUP(A16,[2]수록현황_260107!$D:$I,6,0),0) -> 허가 유효
A17: 111080752 | B17: 111080640 | C17: 8809820699300 | D17: ET.0.2TherapyAirMask_Collagen_20ml('23) | E17: 20 | F17: ML | G17: 1500 | H17: =ROUNDUP(G17*$H$1,-1) -> 750 | I17: =H17/1340 -> 0.55970149 | J17: 50 | K17: 300 | L17: 18000 | M17: 109*4*170MM | N17: =VLOOKUP(A17,[3]Sheet2!$A:$J,10,0) -> 생산 중지예정 | O17: 36 | P17: 3307904000 | Q17: 455*190*260mm | R17: 9.7 | S17: 30 | U17: 1364 | V17: 0.2테라피 | W17: =IFERROR(VLOOKUP(A17,'[1]CPNP,SCPN 허가번호 리스트(필터 재정비)'!$C:$J,8,0),0) -> 단종 및 내용물 AD 예정 | X17: =IFERROR(VLOOKUP(A17,[2]수록현황_260107!$D:$I,6,0),0) -> 허가 유효
A18: 111080753 | B18: 111080641 | C18: 8809820699317 | D18: ET.0.2TherapyAirMask_Snail_20ml('23) | E18: 20 | F18: ML | G18: 1500 | H18: =ROUNDUP(G18*$H$1,-1) -> 750 | I18: =H18/1340 -> 0.55970149 | J18: 50 | K18: 300 | L18: 18000 | M18: 109*4*170MM | N18: =VLOOKUP(A18,[3]Sheet2!$A:$J,10,0) -> 생산 중지예정 | O18: 36 | P18: 3307904000 | Q18: 455*190*260mm | R18: 9.7 | S18: 30 | U18: 1364 | V18: 0.2테라피 | W18: =IFERROR(VLOOKUP(A18,'[1]CPNP,SCPN 허가번호 리스트(필터 재정비)'!$C:$J,8,0),0) -> 단종 및 내용물 AD 예정 | X18: =IFERROR(VLOOKUP(A18,[2]수록현황_260107!$D:$I,6,0),0) -> 허가 유효
A19: 111080754 | B19: 111080642 | C19: 8809820699324 | D19: ET.0.2TherapyAirMask_Ceramide_20ml('23) | E19: 20 | F19: ML | G19: 1500 | H19: =ROUNDUP(G19*$H$1,-1) -> 750 | I19: =H19/1340 -> 0.55970149 | J19: 50 | K19: 300 | L19: 18000 | M19: 109*4*170MM | N19: =VLOOKUP(A19,[3]Sheet2!$A:$J,10,0) -> 생산 중지예정 | O19: 36 | P19: 3307909000 | Q19: 455*190*260mm | R19: 9.7 | S19: 30 | U19: 1364 | V19: 0.2테라피 | W19: =IFERROR(VLOOKUP(A19,'[1]CPNP,SCPN 허가번호 리스트(필터 재정비)'!$C:$J,8,0),0) -> 단종 및 내용물 AD 예정 | X19: =IFERROR(VLOOKUP(A19,[2]수록현황_260107!$D:$I,6,0),0) -> 허가 유효
A20: 110090578 | B20: 110090514 | C20: 8809820692288 | D20: ET.AC.C. Pink Spot 15ml(24) | E20: 15 | F20: ML | G20: 14000 | H20: =ROUNDUP(G20*$H$1,-1) -> 7000 | I20: =H20/1340 -> 5.2238806 | J20: 6 | K20: 132 | L20: 6336 | M20: 34*34*72MM | N20: =VLOOKUP(A20,[3]Sheet2!$A:$J,10,0) -> 러닝 본품 D (상위 95~99%) | O20: 36 | P20: 3304991000 | Q20: 394*324*195mm | R20: 6.904 | S20: 47 | U20: 12727 | V20: AC클린업 | W20: =IFERROR(VLOOKUP(A20,'[1]CPNP,SCPN 허가번호 리스트(필터 재정비)'!$C:$J,8,0),0) -> 운영 | X20: =IFERROR(VLOOKUP(A20,[2]수록현황_260107!$D:$I,6,0),0) -> 0
A21: 111080781 | B21: 111080712 | C21: 8809820700181 | D21: ET.AC.C. Cleansing Foam 150ml(24) | E21: 150 | F21: ML | G21: 9000 | H21: =ROUNDUP(G21*$H$1,-1) -> 4500 | I21: =H21/1340 -> 3.358209 | J21: 6 | K21: 48 | L21: 2304 | M21: 70*44*176MM | N21: =VLOOKUP(A21,[3]Sheet2!$A:$J,10,0) -> 러닝 본품 E (상위 99~100%) | O21: 36 | P21: 3401300000 | Q21: 432*305*205mm | R21: 9.628 | S21: 186 | U21: 8182 | V21: AC클린업 | W21: =IFERROR(VLOOKUP(A21,'[1]CPNP,SCPN 허가번호 리스트(필터 재정비)'!$C:$J,8,0),0) -> 운영 | X21: =IFERROR(VLOOKUP(A21,[2]수록현황_260107!$D:$I,6,0),0) -> 0
A22: 650003989 | C22: 8809820706350 | D22: ET.WHAT'S IN MY EYES DIYpalette (4) | E22: 1 | F22: EA | G22: 6000 | H22: =ROUNDUP(G22*$H$1,-1) -> 3000 | I22: =H22/1340 -> 2.238806 | J22: 5 | K22: 150 | L22: 8400 | M22: 71*72*15MM | N22: =VLOOKUP(A22,[3]Sheet2!$A:$J,10,0) -> 러닝 본품 C (상위 80~95%) | O22: 0 | P22: 3926909000 | Q22: 300*430*210mm | R22: 7.2011 | S22: 48 | U22: 5455 | V22: DIY팔레트 | W22: =IFERROR(VLOOKUP(A22,'[1]CPNP,SCPN 허가번호 리스트(필터 재정비)'!$C:$J,8,0),0) -> 0 | X22: =IFERROR(VLOOKUP(A22,[2]수록현황_260107!$D:$I,6,0),0) -> 0
A23: 650003990 | C23: 8809820706367 | D23: ET.WHAT'S IN MY EYES DIYpalette (6) | E23: 1 | F23: EA | G23: 8000 | H23: =ROUNDUP(G23*$H$1,-1) -> 4000 | I23: =H23/1340 -> 2.9850746 | J23: 6 | K23: 72 | L23: 4032 | M23: 73*101*16MM | N23: =VLOOKUP(A23,[3]Sheet2!$A:$J,10,0) -> 러닝 본품 E (상위 99~100%) | O23: 0 | P23: 3926909000 | Q23: 300*430*210mm | R23: 4.6091 | S23: 64 | U23: 7273 | V23: DIY팔레트 | W23: =IFERROR(VLOOKUP(A23,'[1]CPNP,SCPN 허가번호 리스트(필터 재정비)'!$C:$J,8,0),0) -> 0 | X23: =IFERROR(VLOOKUP(A23,[2]수록현황_260107!$D:$I,6,0),0) -> 0
A24: 650003581 | B24: 650003186 | C24: 8809820699669 | D24: ET.CONTOUR POWDER 01Creator(23) | E24: 10 | F24: G | G24: 20000 | H24: =ROUNDUP(G24*$H$1,-1) -> 10000 | I24: =H24/1340 -> 7.4626866 | J24: 6 | K24: 108 | L24: 4320 | M24: 107*60*21MM(외) | N24: =VLOOKUP(A24,[3]Sheet2!$A:$J,10,0) -> 러닝 본품 B (상위 50~80%) | O24: 36 | P24: 3304911000 | Q24: 394*324*250mm | R24: 10.42 | S24: 90 | U24: 18182 | V24: 그림자쉐딩23 | W24: =IFERROR(VLOOKUP(A24,'[1]CPNP,SCPN 허가번호 리스트(필터 재정비)'!$C:$J,8,0),0) -> 0 | X24: =IFERROR(VLOOKUP(A24,[2]수록현황_260107!$D:$I,6,0),0) -> 0
A25: 650003583 | B25: 650003446 | C25: 8809820699683 | D25: ET.CONTOUR POWDER 03(23) | E25: 10 | F25: G | G25: 20000 | H25: =ROUNDUP(G25*$H$1,-1) -> 10000 | I25: =H25/1340 -> 7.4626866 | J25: 6 | K25: 108 | L25: 4320 | M25: 107*60*21MM(외) | N25: =VLOOKUP(A25,[3]Sheet2!$A:$J,10,0) -> 러닝 본품 B (상위 50~80%) | O25: 36 | P25: 3304911000 | Q25: 394*324*250mm | R25: 10.42 | S25: 90 | U25: 18182 | V25: 그림자쉐딩23 | W25: =IFERROR(VLOOKUP(A25,'[1]CPNP,SCPN 허가번호 리스트(필터 재정비)'!$C:$J,8,0),0) -> 0 | X25: =IFERROR(VLOOKUP(A25,[2]수록현황_260107!$D:$I,6,0),0) -> 0
A26: 650003192 | C26: 8809668024982 | D26: ET.Contour Powder Brush 01 | E26: 1 | F26: EA | G26: 12000 | H26: =ROUNDUP(G26*$H$1,-1) -> 6000 | I26: =H26/1340 -> 4.4776119 | J26: 6 | K26: 72 | L26: 1440 | M26: 210*65*35MM | N26: =VLOOKUP(A26,[3]Sheet2!$A:$J,10,0) -> 러닝 본품 D (상위 95~99%) | O26: 60 | P26: 9603300000 | Q26: 460*440*260mm | R26: 5.02 | S26: 60 | U26: 10909 | V26: 그림자쉐딩도구류 | W26: =IFERROR(VLOOKUP(A26,'[1]CPNP,SCPN 허가번호 리스트(필터 재정비)'!$C:$J,8,0),0) -> 0 | X26: =IFERROR(VLOOKUP(A26,[2]수록현황_260107!$D:$I,6,0),0) -> 0
A27: 650003193 | C27: 8809668024999 | D27: ET.Contour Powder Brush 02 | E27: 1 | F27: EA | G27: 7000 | H27: =ROUNDUP(G27*$H$1,-1) -> 3500 | I27: =H27/1340 -> 2.6119403 | J27: 10 | K27: 160 | L27: 3200 | M27: 185*40*20MM | N27: =VLOOKUP(A27,[3]Sheet2!$A:$J,10,0) -> 러닝 본품 C (상위 80~95%) | O27: 60 | P27: 9603300000 | Q27: 410*380*250mm | R27: 4.7 | S27: 25 | U27: 6364 | V27: 그림자쉐딩도구류 | W27: =IFERROR(VLOOKUP(A27,'[1]CPNP,SCPN 허가번호 리스트(필터 재정비)'!$C:$J,8,0),0) -> 0 | X27: =IFERROR(VLOOKUP(A27,[2]수록현황_260107!$D:$I,6,0),0) -> 0
A28: 650003194 | C28: 8809668025002 | D28: ET.Contour Powder Brush 03 | E28: 1 | F28: EA | G28: 5000 | H28: =ROUNDUP(G28*$H$1,-1) -> 2500 | I28: =H28/1340 -> 1.8656716 | J28: 10 | K28: 160 | L28: 3200 | M28: 185*40*20MM | N28: =VLOOKUP(A28,[3]Sheet2!$A:$J,10,0) -> 러닝 본품 C (상위 80~95%) | O28: 60 | P28: 9603300000 | Q28: 410*380*250mm | R28: 4.7 | S28: 25 | U28: 4545 | V28: 그림자쉐딩도구류 | W28: =IFERROR(VLOOKUP(A28,'[1]CPNP,SCPN 허가번호 리스트(필터 재정비)'!$C:$J,8,0),0) -> 0 | X28: =IFERROR(VLOOKUP(A28,[2]수록현황_260107!$D:$I,6,0),0) -> 0
A29: 650003643 | C29: 8809820691793 | D29: ET. Glaze Plump Gloss #1 4g | E29: 4 | F29: G | G29: 13000 | H29: =ROUNDUP(G29*$H$1,-1) -> 6500 | I29: =H29/1340 -> 4.8507463 | J29: 6 | K29: 216 | L29: 15552 | M29: 20*20*97MM | N29: =VLOOKUP(A29,[3]Sheet2!$A:$J,10,0) -> 생산 중지예정 | O29: 24 | P29: 3304109000 | Q29: 432*305*135mm | R29: 8.044 | S29: 34 | U29: 11818 | V29: 글레이즈플럼프 | W29: =IFERROR(VLOOKUP(A29,'[1]CPNP,SCPN 허가번호 리스트(필터 재정비)'!$C:$J,8,0),0) -> 0 | X29: =IFERROR(VLOOKUP(A29,[2]수록현황_260107!$D:$I,6,0),0) -> 허가 유효
A30: 650003644 | C30: 8809820693377 | D30: ET. Glaze Plump Gloss #2 4g | E30: 4 | F30: G | G30: 13000 | H30: =ROUNDUP(G30*$H$1,-1) -> 6500 | I30: =H30/1340 -> 4.8507463 | J30: 6 | K30: 216 | L30: 15552 | M30: 20*20*97MM | N30: =VLOOKUP(A30,[3]Sheet2!$A:$J,10,0) -> 생산 중지예정 | O30: 24 | P30: 3304109000 | Q30: 432*305*135mm | R30: 8.044 | S30: 34 | U30: 11818 | V30: 글레이즈플럼프 | W30: =IFERROR(VLOOKUP(A30,'[1]CPNP,SCPN 허가번호 리스트(필터 재정비)'!$C:$J,8,0),0) -> 0 | X30: =IFERROR(VLOOKUP(A30,[2]수록현황_260107!$D:$I,6,0),0) -> 허가 유효
A31: 650003645 | C31: 8809820693384 | D31: ET. Glaze Plump Gloss #3 4g | E31: 4 | F31: G | G31: 13000 | H31: =ROUNDUP(G31*$H$1,-1) -> 6500 | I31: =H31/1340 -> 4.8507463 | J31: 6 | K31: 216 | L31: 15552 | M31: 20*20*97MM | N31: =VLOOKUP(A31,[3]Sheet2!$A:$J,10,0) -> 생산 중지예정 | O31: 24 | P31: 3304109000 | Q31: 432*305*135mm | R31: 8.044 | S31: 34 | U31: 11818 | V31: 글레이즈플럼프 | W31: =IFERROR(VLOOKUP(A31,'[1]CPNP,SCPN 허가번호 리스트(필터 재정비)'!$C:$J,8,0),0) -> 0 | X31: =IFERROR(VLOOKUP(A31,[2]수록현황_260107!$D:$I,6,0),0) -> 허가 유효
A32: 650003468 | C32: 8809820693063 | D32: ET. Glow Fixing Tint #1 pure coral 3.8g | E32: 3.8 | F32: G | G32: 14000 | H32: =ROUNDUP(G32*$H$1,-1) -> 7000 | I32: =H32/1340 -> 5.2238806 | J32: 6 | K32: 96 | L32: 10368 | M32: 26*23*113MM(외) | N32: =VLOOKUP(A32,[3]Sheet2!$A:$J,10,0) -> 생산 중지예정 | O32: 36 | P32: 3304109000 | Q32: 397*213*135mm | R32: 4.348 | S32: 38 | U32: 12727 | V32: 글로우픽싱틴트 | W32: =IFERROR(VLOOKUP(A32,'[1]CPNP,SCPN 허가번호 리스트(필터 재정비)'!$C:$J,8,0),0) -> 운영 | X32: =IFERROR(VLOOKUP(A32,[2]수록현황_260107!$D:$I,6,0),0) -> 허가 유효
A33: 650003469 | C33: 8809820693070 | D33: ET. Glow Fixing Tint #6 P.B 3.8g_착인 | E33: 3.8 | F33: G | G33: 14000 | H33: =ROUNDUP(G33*$H$1,-1) -> 7000 | I33: =H33/1340 -> 5.2238806 | J33: 6 | K33: 96 | L33: 10368 | M33: 26*23*113MM(외) | N33: =VLOOKUP(A33,[3]Sheet2!$A:$J,10,0) -> 생산 중지예정 | O33: 36 | P33: 3304109000 | Q33: 397*213*135mm | R33: 4.348 | S33: 38 | U33: 12727 | V33: 글로우픽싱틴트 | W33: =IFERROR(VLOOKUP(A33,'[1]CPNP,SCPN 허가번호 리스트(필터 재정비)'!$C:$J,8,0),0) -> 운영 | X33: =IFERROR(VLOOKUP(A33,[2]수록현황_260107!$D:$I,6,0),0) -> 허가 유효
A34: 650003470 | C34: 8809820693087 | D34: ET. Glow Fixing Tint #7 C.F 3.8g_착인 | E34: 3.8 | F34: G | G34: 14000 | H34: =ROUNDUP(G34*$H$1,-1) -> 7000 | I34: =H34/1340 -> 5.2238806 | J34: 6 | K34: 96 | L34: 10368 | M34: 26*23*113MM(외) | N34: =VLOOKUP(A34,[3]Sheet2!$A:$J,10,0) -> 러닝 본품 D (상위 95~99%) | O34: 36 | P34: 3304109000 | Q34: 397*213*135mm | R34: 4.348 | S34: 38 | U34: 12727 | V34: 글로우픽싱틴트 | W34: =IFERROR(VLOOKUP(A34,'[1]CPNP,SCPN 허가번호 리스트(필터 재정비)'!$C:$J,8,0),0) -> 운영 | X34: =IFERROR(VLOOKUP(A34,[2]수록현황_260107!$D:$I,6,0),0) -> 허가 유효
A35: 650003471 | C35: 8809820693094 | D35: ET. Glow Fixing Tint #2 mellow pink 3.8g | E35: 3.8 | F35: G | G35: 14000 | H35: =ROUNDUP(G35*$H$1,-1) -> 7000 | I35: =H35/1340 -> 5.2238806 | J35: 6 | K35: 96 | L35: 10368 | M35: 26*23*113MM(외) | N35: =VLOOKUP(A35,[3]Sheet2!$A:$J,10,0) -> 러닝 본품 C (상위 80~95%) | O35: 36 | P35: 3304109000 | Q35: 397*213*135mm | R35: 4.348 | S35: 38 | U35: 12727 | V35: 글로우픽싱틴트 | W35: =IFERROR(VLOOKUP(A35,'[1]CPNP,SCPN 허가번호 리스트(필터 재정비)'!$C:$J,8,0),0) -> 운영 | X35: =IFERROR(VLOOKUP(A35,[2]수록현황_260107!$D:$I,6,0),0) -> 허가 유효
A36: 650003472 | C36: 8809820693100 | D36: ET. Glow Fixing Tint #3 Dewy Fig 3.8g | E36: 3.8 | F36: G | G36: 14000 | H36: =ROUNDUP(G36*$H$1,-1) -> 7000 | I36: =H36/1340 -> 5.2238806 | J36: 6 | K36: 96 | L36: 10368 | M36: 26*23*113MM(외) | N36: =VLOOKUP(A36,[3]Sheet2!$A:$J,10,0) -> 러닝 본품 C (상위 80~95%) | O36: 36 | P36: 3304109000 | Q36: 397*213*135mm | R36: 4.348 | S36: 38 | U36: 12727 | V36: 글로우픽싱틴트 | W36: =IFERROR(VLOOKUP(A36,'[1]CPNP,SCPN 허가번호 리스트(필터 재정비)'!$C:$J,8,0),0) -> 운영 | X36: =IFERROR(VLOOKUP(A36,[2]수록현황_260107!$D:$I,6,0),0) -> 허가 유효
A37: 650003473 | C37: 8809820693605 | D37: ET. Glow Fixing Tint #4 C.Red 3.8g | E37: 3.8 | F37: G | G37: 14000 | H37: =ROUNDUP(G37*$H$1,-1) -> 7000 | I37: =H37/1340 -> 5.2238806 | J37: 6 | K37: 96 | L37: 10368 | M37: 26*23*113MM(외) | N37: =VLOOKUP(A37,[3]Sheet2!$A:$J,10,0) -> 러닝 본품 C (상위 80~95%) | O37: 36 | P37: 3304109000 | Q37: 397*213*135mm | R37: 4.348 | S37: 38 | U37: 12727 | V37: 글로우픽싱틴트 | W37: =IFERROR(VLOOKUP(A37,'[1]CPNP,SCPN 허가번호 리스트(필터 재정비)'!$C:$J,8,0),0) -> 운영 | X37: =IFERROR(VLOOKUP(A37,[2]수록현황_260107!$D:$I,6,0),0) -> 허가 유효
A38: 650003486 | C38: 8809820694008 | D38: ET. Glow Fixing Tint #5 Mauvement 3.8g | E38: 3.8 | F38: G | G38: 14000 | H38: =ROUNDUP(G38*$H$1,-1) -> 7000 | I38: =H38/1340 -> 5.2238806 | J38: 6 | K38: 96 | L38: 10368 | M38: 26*23*113MM(외) | N38: =VLOOKUP(A38,[3]Sheet2!$A:$J,10,0) -> 러닝 본품 C (상위 80~95%) | O38: 36 | P38: 3304109000 | Q38: 397*213*135mm | R38: 4.348 | S38: 38 | U38: 12727 | V38: 글로우픽싱틴트 | W38: =IFERROR(VLOOKUP(A38,'[1]CPNP,SCPN 허가번호 리스트(필터 재정비)'!$C:$J,8,0),0) -> 운영 | X38: =IFERROR(VLOOKUP(A38,[2]수록현황_260107!$D:$I,6,0),0) -> 허가 유효
A39: 650003588 | B39: 650003524 | C39: 8809820698723 | D39: ET. Glow Fixing Tint #8 R.S 3.8g | E39: 3.8 | F39: G | G39: 14000 | H39: =ROUNDUP(G39*$H$1,-1) -> 7000 | I39: =H39/1340 -> 5.2238806 | J39: 6 | K39: 216 | L39: 15552 | M39: 20*20*111MM | N39: =VLOOKUP(A39,[3]Sheet2!$A:$J,10,0) -> 생산 중지예정 | O39: 36 | P39: 3304109000 | Q39: 432*305*135mm | R39: 8.908 | S39: 38 | U39: 12727 | V39: 글로우픽싱틴트 | W39: =IFERROR(VLOOKUP(A39,'[1]CPNP,SCPN 허가번호 리스트(필터 재정비)'!$C:$J,8,0),0) -> 0 | X39: =IFERROR(VLOOKUP(A39,[2]수록현황_260107!$D:$I,6,0),0) -> 0
A40: 650003589 | B40: 650003535 | C40: 8809820698730 | D40: ET.Glow Fixing Tint #9 L.B 3.8g | E40: 3.8 | F40: G | G40: 14000 | H40: =ROUNDUP(G40*$H$1,-1) -> 7000 | I40: =H40/1340 -> 5.2238806 | J40: 6 | K40: 216 | L40: 15552 | M40: 20*20*111MM | N40: =VLOOKUP(A40,[3]Sheet2!$A:$J,10,0) -> 생산 중지예정 | O40: 36 | P40: 3304109000 | Q40: 432*305*135mm | R40: 8.908 | S40: 38 | U40: 12727 | V40: 글로우픽싱틴트 | W40: =IFERROR(VLOOKUP(A40,'[1]CPNP,SCPN 허가번호 리스트(필터 재정비)'!$C:$J,8,0),0) -> 0 | X40: =IFERROR(VLOOKUP(A40,[2]수록현황_260107!$D:$I,6,0),0) -> 0
A41: 650003649 | C41: 8809820693889 | D41: ET. Glow Fixing Tint #10 3.8g | E41: 3.8 | F41: G | G41: 14000 | H41: =ROUNDUP(G41*$H$1,-1) -> 7000 | I41: =H41/1340 -> 5.2238806 | J41: 6 | K41: 180 | L41: 12960 | M41: 23*23*113MM(외) | N41: =VLOOKUP(A41,[3]Sheet2!$A:$J,10,0) -> 생산 중지확정(물류재고존재) | O41: 36 | P41: 3304109000 | Q41: 394*324*135mm | R41: 7.54 | S41: 38 | U41: 12727 | V41: 글로우픽싱틴트 | W41: =IFERROR(VLOOKUP(A41,'[1]CPNP,SCPN 허가번호 리스트(필터 재정비)'!$C:$J,8,0),0) -> 0 | X41: =IFERROR(VLOOKUP(A41,[2]수록현황_260107!$D:$I,6,0),0) -> 0
A42: 650003650 | C42: 8809820693896 | D42: ET. Glow Fixing Tint #11 3.8g | E42: 3.8 | F42: G | G42: 14000 | H42: =ROUNDUP(G42*$H$1,-1) -> 7000 | I42: =H42/1340 -> 5.2238806 | J42: 6 | K42: 180 | L42: 12960 | M42: 23*23*113MM(외) | N42: =VLOOKUP(A42,[3]Sheet2!$A:$J,10,0) -> 생산 중지예정 | O42: 36 | P42: 3304109000 | Q42: 394*324*135mm | R42: 7.54 | S42: 38 | U42: 12727 | V42: 글로우픽싱틴트 | W42: =IFERROR(VLOOKUP(A42,'[1]CPNP,SCPN 허가번호 리스트(필터 재정비)'!$C:$J,8,0),0) -> 0 | X42: =IFERROR(VLOOKUP(A42,[2]수록현황_260107!$D:$I,6,0),0) -> 0
A43: 650003651 | C43: 8809820693957 | D43: ET. Glow Fixing Tint #12 3.8g | E43: 3.8 | F43: G | G43: 14000 | H43: =ROUNDUP(G43*$H$1,-1) -> 7000 | I43: =H43/1340 -> 5.2238806 | J43: 6 | K43: 180 | L43: 12960 | M43: 23*23*113MM(외) | N43: =VLOOKUP(A43,[3]Sheet2!$A:$J,10,0) -> 생산 중지확정(물류재고존재) | O43: 36 | P43: 3304109000 | Q43: 394*324*135mm | R43: 7.54 | S43: 38 | U43: 12727 | V43: 글로우픽싱틴트 | W43: =IFERROR(VLOOKUP(A43,'[1]CPNP,SCPN 허가번호 리스트(필터 재정비)'!$C:$J,8,0),0) -> 0 | X43: =IFERROR(VLOOKUP(A43,[2]수록현황_260107!$D:$I,6,0),0) -> 0
A44: 650004150 | C44: 8809820712115 | D44: ET. naturally freckle pen 01_0.5g | E44: 0.5 | F44: G | G44: 11000 | H44: =ROUNDUP(G44*$H$1,-1) -> 5500 | I44: =H44/1340 -> 4.1044776 | J44: 10 | K44: 840 | L44: 20160 | M44: 127*20*12MM(외) | N44: =VLOOKUP(A44,[3]Sheet2!$A:$J,10,0) -> 러닝 본품 E (상위 99~100%) | O44: 24 | P44: 3304992000 | Q44: 445*350*275MM | R44: 11.08 | S44: 12 | U44: 10000 | V44: 내추럴리주근깨펜 | W44: =IFERROR(VLOOKUP(A44,'[1]CPNP,SCPN 허가번호 리스트(필터 재정비)'!$C:$J,8,0),0) -> 0 | X44: =IFERROR(VLOOKUP(A44,[2]수록현황_260107!$D:$I,6,0),0) -> 허가 유효
A45: 650004151 | C45: 8809820712122 | D45: ET. naturally freckle pen 02_0.5g | E45: 0.5 | F45: G | G45: 11000 | H45: =ROUNDUP(G45*$H$1,-1) -> 5500 | I45: =H45/1340 -> 4.1044776 | J45: 10 | K45: 840 | L45: 20160 | M45: 127*20*12MM(외) | N45: =VLOOKUP(A45,[3]Sheet2!$A:$J,10,0) -> 러닝 본품 E (상위 99~100%) | O45: 24 | P45: 3304992000 | Q45: 445*350*275MM | R45: 11.08 | S45: 12 | U45: 10000 | V45: 내추럴리주근깨펜 | W45: =IFERROR(VLOOKUP(A45,'[1]CPNP,SCPN 허가번호 리스트(필터 재정비)'!$C:$J,8,0),0) -> 0 | X45: =IFERROR(VLOOKUP(A45,[2]수록현황_260107!$D:$I,6,0),0) -> 허가 유효
A46: 650003565 | B46: 650002984 | C46: 8809820698075 | D46: ET. (MBS)NymphAuraVolumer_Tans24g(23) | E46: 24 | F46: G | G46: 20000 | H46: =ROUNDUP(G46*$H$1,-1) -> 10000 | I46: =H46/1340 -> 7.4626866 | J46: 10 | K46: 60 | L46: 3840 | M46: 40*40*110MM | N46: =VLOOKUP(A46,[3]Sheet2!$A:$J,10,0) -> 러닝 본품 A (상위 0~50%) | O46: 36 | P46: 3304992000 | Q46: 472*285*150mm | R46: 5.5 | S46: 80 | U46: 18182 | V46: 님프광채볼류머 | W46: =IFERROR(VLOOKUP(A46,'[1]CPNP,SCPN 허가번호 리스트(필터 재정비)'!$C:$J,8,0),0) -> 운영 | X46: =IFERROR(VLOOKUP(A46,[2]수록현황_260107!$D:$I,6,0),0) -> 0
A47: 650004098 | C47: 8809820710869 | D47: ET.Nymph Dewy Base Prep 30ml(25) | E47: 30 | F47: ML | G47: 20000 | H47: =ROUNDUP(G47*$H$1,-1) -> 10000 | I47: =H47/1340 -> 7.4626866 | J47: 10 | K47: 60 | L47: 3840 | M47: 40*40*110MM | N47: =VLOOKUP(A47,[3]Sheet2!$A:$J,10,0) -> 러닝 본품 B (상위 50~80%) | O47: 36 | P47: 3304992000 | Q47: 472*285*150MM | R47: 4.84 | S47: 69 | U47: 18182 | V47: 님프듀이베이스프렙 | W47: =IFERROR(VLOOKUP(A47,'[1]CPNP,SCPN 허가번호 리스트(필터 재정비)'!$C:$J,8,0),0) -> 0 | X47: =IFERROR(VLOOKUP(A47,[2]수록현황_260107!$D:$I,6,0),0) -> 허가 유효
A48: 650011749 | B48: 651000111 | C48: 8809820696026 | D48: ET.(MBS)Dr. Mascara Fixer 01('23) | E48: 6 | F48: G | G48: 8000 | H48: =ROUNDUP(G48*$H$1,-1) -> 4000 | I48: =H48/1340 -> 2.9850746 | J48: 6 | K48: 270 | L48: 17280 | M48: 31*19*127MM | N48: =VLOOKUP(A48,[3]Sheet2!$A:$J,10,0) -> 러닝 본품 A (상위 0~50%) | O48: 36 | P48: 3304209000 | Q48: 422*310*150mm | R48: 4.648 | S48: 14 | U48: 7273 | V48: 닥터마스카라픽서 | W48: =IFERROR(VLOOKUP(A48,'[1]CPNP,SCPN 허가번호 리스트(필터 재정비)'!$C:$J,8,0),0) -> 0 | X48: =IFERROR(VLOOKUP(A48,[2]수록현황_260107!$D:$I,6,0),0) -> 허가 유효
A49: 650011750 | B49: 651000067 | C49: 8809820696033 | D49: ET.(MBS)Dr. Mascara Fixer 02('23) | E49: 6 | F49: G | G49: 8000 | H49: =ROUNDUP(G49*$H$1,-1) -> 4000 | I49: =H49/1340 -> 2.9850746 | J49: 6 | K49: 270 | L49: 17280 | M49: 31*19*127MM | N49: =VLOOKUP(A49,[3]Sheet2!$A:$J,10,0) -> 러닝 본품 A (상위 0~50%) | O49: 36 | P49: 3304209000 | Q49: 422*310*150mm | R49: 4.648 | S49: 14 | U49: 7273 | V49: 닥터마스카라픽서 | W49: =IFERROR(VLOOKUP(A49,'[1]CPNP,SCPN 허가번호 리스트(필터 재정비)'!$C:$J,8,0),0) -> 0 | X49: =IFERROR(VLOOKUP(A49,[2]수록현황_260107!$D:$I,6,0),0) -> 허가 유효
A50: 651000340 | C50: 8809820708668 | D50: ET.Dr. Mascara Fixer 03_MBS | E50: 6 | F50: G | G50: 8000 | H50: =ROUNDUP(G50*$H$1,-1) -> 4000 | I50: =H50/1340 -> 2.9850746 | J50: 6 | K50: 270 | L50: 17280 | M50: 31*19*127MM | N50: =VLOOKUP(A50,[3]Sheet2!$A:$J,10,0) -> 러닝 본품 B (상위 50~80%) | O50: 36 | P50: 3304209000 | Q50: 407*327*149mm | R50: 4.48 | S50: 14 | U50: 7273 | V50: 닥터마스카라픽서 | W50: =IFERROR(VLOOKUP(A50,'[1]CPNP,SCPN 허가번호 리스트(필터 재정비)'!$C:$J,8,0),0) -> 0 | X50: =IFERROR(VLOOKUP(A50,[2]수록현황_260107!$D:$I,6,0),0) -> 허가 유효
A51: 650011734 | B51: 650011570 | C51: 8809820693834 | D51: ET.DR.MASCARA FIXER FOR PERFECT LASH(23) | E51: 6 | F51: G | G51: 8000 | H51: =ROUNDUP(G51*$H$1,-1) -> 4000 | I51: =H51/1340 -> 2.9850746 | J51: 10 | K51: 280 | L51: 17920 | M51: 31*19*129MM | N51: =VLOOKUP(A51,[3]Sheet2!$A:$J,10,0) -> 러닝 본품 A (상위 0~50%) | O51: 36 | P51: 3304209000 | Q51: 422*310*150mm | R51: 4.62 | S51: 14 | U51: 7273 | V51: 닥터마스카라픽서23 | W51: =IFERROR(VLOOKUP(A51,'[1]CPNP,SCPN 허가번호 리스트(필터 재정비)'!$C:$J,8,0),0) -> 수출불가 | X51: =IFERROR(VLOOKUP(A51,[2]수록현황_260107!$D:$I,6,0),0) -> 허가 유효
A52: 650011735 | B52: 650011571 | C52: 8809820697399 | D52: ET.DR.MASCARA FIXER FOR SUPERLONGLASH'23 | E52: 6 | F52: G | G52: 8000 | H52: =ROUNDUP(G52*$H$1,-1) -> 4000 | I52: =H52/1340 -> 2.9850746 | J52: 10 | K52: 280 | L52: 17920 | M52: 31*19*129MM | N52: =VLOOKUP(A52,[3]Sheet2!$A:$J,10,0) -> 러닝 본품 B (상위 50~80%) | O52: 36 | P52: 3304209000 | Q52: 422*310*150mm | R52: 4.62 | S52: 14 | U52: 7273 | V52: 닥터마스카라픽서23 | W52: =IFERROR(VLOOKUP(A52,'[1]CPNP,SCPN 허가번호 리스트(필터 재정비)'!$C:$J,8,0),0) -> 수출불가 | X52: =IFERROR(VLOOKUP(A52,[2]수록현황_260107!$D:$I,6,0),0) -> 허가 유효
A53: 650011686 | B53: 650010953 | C53: 8809820682661 | D53: ET.D.L.S. Skin Foundation_13C1(22AD) 30g | E53: 30 | F53: G | G53: 29000 | H53: =ROUNDUP(G53*$H$1,-1) -> 14500 | I53: =H53/1340 -> 10.820896 | J53: 6 | K53: 60 | L53: 3840 | M53: 40*40*116MM(외) | N53: =VLOOKUP(A53,[3]Sheet2!$A:$J,10,0) -> 생산 중지예정 | O53: 36 | P53: 3304992000 | Q53: 472*285*150mm | R53: 9.82 | S53: 152 | U53: 26364 | V53: 더블래스팅세럼스킨파데 | W53: =IFERROR(VLOOKUP(A53,'[1]CPNP,SCPN 허가번호 리스트(필터 재정비)'!$C:$J,8,0),0) -> 0 | X53: =IFERROR(VLOOKUP(A53,[2]수록현황_260107!$D:$I,6,0),0) -> 0
A54: 650011689 | B54: 650010957 | C54: 8809820682692 | D54: ET.D.L.S. Skin Foundation_17N1(22AD) 30g | E54: 30 | F54: G | G54: 29000 | H54: =ROUNDUP(G54*$H$1,-1) -> 14500 | I54: =H54/1340 -> 10.820896 | J54: 6 | K54: 60 | L54: 3840 | M54: 40*40*116MM(외) | N54: =VLOOKUP(A54,[3]Sheet2!$A:$J,10,0) -> 생산 중지예정 | O54: 36 | P54: 3304992000 | Q54: 472*285*150MM | R54: 9.82 | S54: 152 | U54: 26364 | V54: 더블래스팅세럼스킨파데 | W54: =IFERROR(VLOOKUP(A54,'[1]CPNP,SCPN 허가번호 리스트(필터 재정비)'!$C:$J,8,0),0) -> 0 | X54: =IFERROR(VLOOKUP(A54,[2]수록현황_260107!$D:$I,6,0),0) -> 0
A55: 650011693 | B55: 650010958 | C55: 8809820682739 | D55: ET.D.L.S. Skin Foundation_21N1(22AD) 30g | E55: 30 | F55: G | G55: 29000 | H55: =ROUNDUP(G55*$H$1,-1) -> 14500 | I55: =H55/1340 -> 10.820896 | J55: 6 | K55: 60 | L55: 3840 | M55: 40*40*116MM(외) | N55: =VLOOKUP(A55,[3]Sheet2!$A:$J,10,0) -> 생산 중지예정 | O55: 36 | P55: 3304992000 | Q55: 472*285*150MM | R55: 9.82 | S55: 152 | U55: 26364 | V55: 더블래스팅세럼스킨파데 | W55: =IFERROR(VLOOKUP(A55,'[1]CPNP,SCPN 허가번호 리스트(필터 재정비)'!$C:$J,8,0),0) -> 0 | X55: =IFERROR(VLOOKUP(A55,[2]수록현황_260107!$D:$I,6,0),0) -> 0
A56: 650011694 | B56: 650010953 | C56: 8809820682746 | D56: ET.D.L.S. Skin Foundation_23N1(22AD) 30g | E56: 30 | F56: G | G56: 29000 | H56: =ROUNDUP(G56*$H$1,-1) -> 14500 | I56: =H56/1340 -> 10.820896 | J56: 6 | K56: 60 | L56: 3840 | M56: 40*40*116MM(외) | N56: =VLOOKUP(A56,[3]Sheet2!$A:$J,10,0) -> 생산 중지예정 | O56: 36 | P56: 3304992000 | Q56: 472*285*150MM | R56: 9.82 | S56: 152 | U56: 26364 | V56: 더블래스팅세럼스킨파데 | W56: =IFERROR(VLOOKUP(A56,'[1]CPNP,SCPN 허가번호 리스트(필터 재정비)'!$C:$J,8,0),0) -> 0 | X56: =IFERROR(VLOOKUP(A56,[2]수록현황_260107!$D:$I,6,0),0) -> 0
A57: 650003740 | C57: 8809820701850 | D57: ET.D.Lasting Artist Concealer Palette 02 | E57: 5.3 | F57: G | G57: 22000 | H57: =ROUNDUP(G57*$H$1,-1) -> 11000 | I57: =H57/1340 -> 8.2089552 | J57: 6 | K57: 180 | L57: 10080 | M57: 72*73*16MM | N57: =VLOOKUP(A57,[3]Sheet2!$A:$J,10,0) -> 생산 중지확정(물류재고존재) | O57: 36 | P57: 3304992000 | Q57: 416*315*180mm | R57: 12.22 | S57: 64 | U57: 20000 | V57: 더블래스팅컨실러 | W57: =IFERROR(VLOOKUP(A57,'[1]CPNP,SCPN 허가번호 리스트(필터 재정비)'!$C:$J,8,0),0) -> 0 | X57: =IFERROR(VLOOKUP(A57,[2]수록현황_260107!$D:$I,6,0),0) -> 0
A58: 650011331 | B58: 650011233 | C58: 8809667983792 | D58: ET.DOUBLE.L.FOUNDATION_13C1(20AD) | E58: 30 | F58: G | G58: 29000 | H58: =ROUNDUP(G58*$H$1,-1) -> 14500 | I58: =H58/1340 -> 10.820896 | J58: 6 | K58: 60 | L58: 3840 | M58: 40*40*116MM(외) | N58: =VLOOKUP(A58,[3]Sheet2!$A:$J,10,0) -> 생산 중지예정 | O58: 36 | P58: 3304992000 | Q58: 472*285*150mm | R58: 9.7 | S58: 150 | U58: 26364 | V58: 더블래스팅파데 | W58: =IFERROR(VLOOKUP(A58,'[1]CPNP,SCPN 허가번호 리스트(필터 재정비)'!$C:$J,8,0),0) -> 0 | X58: =IFERROR(VLOOKUP(A58,[2]수록현황_260107!$D:$I,6,0),0) -> 0
A59: 650011333 | B59: 650011229 | C59: 8809667983815 | D59: ET.DOUBLE.L.FOUNDATION_17C1(20AD) | E59: 30 | F59: G | G59: 29000 | H59: =ROUNDUP(G59*$H$1,-1) -> 14500 | I59: =H59/1340 -> 10.820896 | J59: 6 | K59: 60 | L59: 3840 | M59: 40*40*116MM(외) | N59: =VLOOKUP(A59,[3]Sheet2!$A:$J,10,0) -> 생산 중지예정 | O59: 36 | P59: 3304992000 | Q59: 472*285*150mm | R59: 9.7 | S59: 150 | U59: 26364 | V59: 더블래스팅파데 | W59: =IFERROR(VLOOKUP(A59,'[1]CPNP,SCPN 허가번호 리스트(필터 재정비)'!$C:$J,8,0),0) -> 0 | X59: =IFERROR(VLOOKUP(A59,[2]수록현황_260107!$D:$I,6,0),0) -> 0
A60: 650011334 | B60: 650011230 | C60: 8809667983822 | D60: ET.DOUBLE.L.FOUNDATION_17N1(20AD) | E60: 30 | F60: G | G60: 29000 | H60: =ROUNDUP(G60*$H$1,-1) -> 14500 | I60: =H60/1340 -> 10.820896 | J60: 6 | K60: 60 | L60: 3840 | M60: 40*40*116MM(외) | N60: =VLOOKUP(A60,[3]Sheet2!$A:$J,10,0) -> 생산 중지예정 | O60: 36 | P60: 3304992000 | Q60: 472*285*150mm | R60: 9.7 | S60: 150 | U60: 26364 | V60: 더블래스팅파데 | W60: =IFERROR(VLOOKUP(A60,'[1]CPNP,SCPN 허가번호 리스트(필터 재정비)'!$C:$J,8,0),0) -> 0 | X60: =IFERROR(VLOOKUP(A60,[2]수록현황_260107!$D:$I,6,0),0) -> 0
A61: 650011336 | B61: 650011232 | C61: 8809667983846 | D61: ET.DOUBLE.L.FOUNDATION_21C1(20AD) | E61: 30 | F61: G | G61: 29000 | H61: =ROUNDUP(G61*$H$1,-1) -> 14500 | I61: =H61/1340 -> 10.820896 | J61: 6 | K61: 60 | L61: 3840 | M61: 40*40*116MM(외) | N61: =VLOOKUP(A61,[3]Sheet2!$A:$J,10,0) -> 생산 중지예정 | O61: 36 | P61: 3304992000 | Q61: 472*285*150mm | R61: 9.7 | S61: 150 | U61: 26364 | V61: 더블래스팅파데 | W61: =IFERROR(VLOOKUP(A61,'[1]CPNP,SCPN 허가번호 리스트(필터 재정비)'!$C:$J,8,0),0) -> 0 | X61: =IFERROR(VLOOKUP(A61,[2]수록현황_260107!$D:$I,6,0),0) -> 0
A62: 650011337 | B62: 650011226 | C62: 8809667983853 | D62: ET.DOUBLE.L.FOUNDATION_21N1(20AD) | E62: 30 | F62: G | G62: 29000 | H62: =ROUNDUP(G62*$H$1,-1) -> 14500 | I62: =H62/1340 -> 10.820896 | J62: 6 | K62: 60 | L62: 3840 | M62: 40*40*116MM(외) | N62: =VLOOKUP(A62,[3]Sheet2!$A:$J,10,0) -> 생산 중지예정 | O62: 36 | P62: 3304992000 | Q62: 472*285*150mm | R62: 9.7 | S62: 150 | U62: 26364 | V62: 더블래스팅파데 | W62: =IFERROR(VLOOKUP(A62,'[1]CPNP,SCPN 허가번호 리스트(필터 재정비)'!$C:$J,8,0),0) -> 0 | X62: =IFERROR(VLOOKUP(A62,[2]수록현황_260107!$D:$I,6,0),0) -> 0
A63: 650011338 | B63: 650011226 | C63: 8809667983860 | D63: ET.DOUBLE.L.FOUNDATION_21W1(20AD) | E63: 30 | F63: G | G63: 29000 | H63: =ROUNDUP(G63*$H$1,-1) -> 14500 | I63: =H63/1340 -> 10.820896 | J63: 6 | K63: 60 | L63: 3840 | M63: 40*40*116MM(외) | N63: =VLOOKUP(A63,[3]Sheet2!$A:$J,10,0) -> 생산 중지예정 | O63: 36 | P63: 3304992000 | Q63: 472*285*150mm | R63: 9.7 | S63: 150 | U63: 26364 | V63: 더블래스팅파데 | W63: =IFERROR(VLOOKUP(A63,'[1]CPNP,SCPN 허가번호 리스트(필터 재정비)'!$C:$J,8,0),0) -> 0 | X63: =IFERROR(VLOOKUP(A63,[2]수록현황_260107!$D:$I,6,0),0) -> 0
A64: 650011339 | B64: 650011226 | C64: 8809667983877 | D64: ET.DOUBLE.L.FOUNDATION_23N1(20AD) | E64: 30 | F64: G | G64: 29000 | H64: =ROUNDUP(G64*$H$1,-1) -> 14500 | I64: =H64/1340 -> 10.820896 | J64: 6 | K64: 60 | L64: 3840 | M64: 40*40*116MM(외) | N64: =VLOOKUP(A64,[3]Sheet2!$A:$J,10,0) -> 생산 중지예정 | O64: 36 | P64: 3304992000 | Q64: 472*285*150mm | R64: 9.7 | S64: 150 | U64: 26364 | V64: 더블래스팅파데 | W64: =IFERROR(VLOOKUP(A64,'[1]CPNP,SCPN 허가번호 리스트(필터 재정비)'!$C:$J,8,0),0) -> 0 | X64: =IFERROR(VLOOKUP(A64,[2]수록현황_260107!$D:$I,6,0),0) -> 0
A65: 650011340 | B65: 650010731 | C65: 8809667983884 | D65: ET.DOUBLE.L.FOUNDATION_23W1(20AD) | E65: 30 | F65: G | G65: 29000 | H65: =ROUNDUP(G65*$H$1,-1) -> 14500 | I65: =H65/1340 -> 10.820896 | J65: 6 | K65: 60 | L65: 3840 | M65: 40*40*116MM(외) | N65: =VLOOKUP(A65,[3]Sheet2!$A:$J,10,0) -> 생산 중지예정 | O65: 36 | P65: 3304992000 | Q65: 472*285*150mm | R65: 9.7 | S65: 150 | U65: 26364 | V65: 더블래스팅파데 | W65: =IFERROR(VLOOKUP(A65,'[1]CPNP,SCPN 허가번호 리스트(필터 재정비)'!$C:$J,8,0),0) -> 0 | X65: =IFERROR(VLOOKUP(A65,[2]수록현황_260107!$D:$I,6,0),0) -> 0
A66: 650011450 | B66: 650011231 | C66: 8809667998475 | D66: ET.DOUBLE.L.FOUNDATION_25N1(20AD) | E66: 30 | F66: G | G66: 29000 | H66: =ROUNDUP(G66*$H$1,-1) -> 14500 | I66: =H66/1340 -> 10.820896 | J66: 6 | K66: 60 | L66: 3840 | M66: 40*40*116MM(외) | N66: =VLOOKUP(A66,[3]Sheet2!$A:$J,10,0) -> 생산 중지예정 | O66: 36 | P66: 3304992000 | Q66: 472*285*150mm | R66: 9.7 | S66: 150 | U66: 26364 | V66: 더블래스팅파데 | W66: =IFERROR(VLOOKUP(A66,'[1]CPNP,SCPN 허가번호 리스트(필터 재정비)'!$C:$J,8,0),0) -> 0 | X66: =IFERROR(VLOOKUP(A66,[2]수록현황_260107!$D:$I,6,0),0) -> 0
A67: 650011451 | B67: 650011232 | C67: 8809667998482 | D67: ET.DOUBLE.L.FOUNDATION_27N1(20AD) | E67: 30 | F67: G | G67: 29000 | H67: =ROUNDUP(G67*$H$1,-1) -> 14500 | I67: =H67/1340 -> 10.820896 | J67: 6 | K67: 60 | L67: 3840 | M67: 40*40*116MM(외) | N67: =VLOOKUP(A67,[3]Sheet2!$A:$J,10,0) -> 생산 중지예정 | O67: 36 | P67: 3304992000 | Q67: 472*285*150mm | R67: 9.7 | S67: 150 | U67: 26364 | V67: 더블래스팅파데 | W67: =IFERROR(VLOOKUP(A67,'[1]CPNP,SCPN 허가번호 리스트(필터 재정비)'!$C:$J,8,0),0) -> 0 | X67: =IFERROR(VLOOKUP(A67,[2]수록현황_260107!$D:$I,6,0),0) -> 0
A68: 650003757 | B68: 650003218 | C68: 8809820701799 | D68: ET.DRAWING SHOW BRUSH LINER 01 Black(24) | E68: 0.6 | F68: G | G68: 11000 | H68: =ROUNDUP(G68*$H$1,-1) -> 5500 | I68: =H68/1340 -> 4.1044776 | J68: 10 | K68: 360 | L68: 23040 | M68: 20*12*127MM | N68: =VLOOKUP(A68,[3]Sheet2!$A:$J,10,0) -> 러닝 본품 C (상위 80~95%) | O68: 36 | P68: 3304992000 | Q68: 432*305*150MM | R68: 7.9 | S68: 20 | U68: 10000 | V68: 드로잉쇼브러쉬라이너 | W68: =IFERROR(VLOOKUP(A68,'[1]CPNP,SCPN 허가번호 리스트(필터 재정비)'!$C:$J,8,0),0) -> 0 | X68: =IFERROR(VLOOKUP(A68,[2]수록현황_260107!$D:$I,6,0),0) -> 0
A69: 650003758 | B69: 650003219 | C69: 8809820702406 | D69: ET.DRAWING SHOW BRUSH LINER 02 Brown(24) | E69: 0.6 | F69: G | G69: 11000 | H69: =ROUNDUP(G69*$H$1,-1) -> 5500 | I69: =H69/1340 -> 4.1044776 | J69: 10 | K69: 360 | L69: 23040 | M69: 20*12*127MM | N69: =VLOOKUP(A69,[3]Sheet2!$A:$J,10,0) -> 러닝 본품 C (상위 80~95%) | O69: 36 | P69: 3304992000 | Q69: 432*305*150MM | R69: 7.9 | S69: 20 | U69: 10000 | V69: 드로잉쇼브러쉬라이너 | W69: =IFERROR(VLOOKUP(A69,'[1]CPNP,SCPN 허가번호 리스트(필터 재정비)'!$C:$J,8,0),0) -> 0 | X69: =IFERROR(VLOOKUP(A69,[2]수록현황_260107!$D:$I,6,0),0) -> 0
... A77: 651000237 | B77: 651000097 | C77: 8809820696750 | D77: ET.(MBS)Draw.EyesBrowCara#4L.Brown(23AD) | E77: 6 | F77: G | G77: 9000 | H77: =ROUNDUP(G77*$H$1,-1) -> 4500 | I77: =H77/1340 -> 3.358209 | J77: 6 | K77: 168 | L77: 12096 | M77: 27*19*105MM | N77: =VLOOKUP(A77,[3]Sheet2!$A:$J,10,0) -> 생산 중지예정 | O77: 36 | P77: 3304209000 | Q77: 472*285*135mm | R77: 5.74 | S77: 30 | U77: 8182 | V77: 드로잉아이즈컬러링브로우카라 | W77: =IFERROR(VLOOKUP(A77,'[1]CPNP,SCPN 허가번호 리스트(필터 재정비)'!$C:$J,8,0),0) -> 0 | X77: =IFERROR(VLOOKUP(A77,[2]수록현황_260107!$D:$I,6,0),0) -> 0
A78: 651000347 | C78: 8809820708910 | D78: ET.Draw.EyesBrowCara_06 AshMauveBR(MBS) | E78: 6 | F78: G | G78: 9000 | H78: =ROUNDUP(G78*$H$1,-1) -> 4500 | I78: =H78/1340 -> 3.358209 | J78: 6 | K78: 180 | L78: 12960 | M78: 27*19*105MM | N78: =VLOOKUP(A78,[3]Sheet2!$A:$J,10,0) -> 생산 중지예정 | O78: 36 | P78: 3304209000 | Q78: 422*310*135mm | R78: 6.1 | S78: 30 | U78: 8182 | V78: 드로잉아이즈컬러링브로우카라 | W78: =IFERROR(VLOOKUP(A78,'[1]CPNP,SCPN 허가번호 리스트(필터 재정비)'!$C:$J,8,0),0) -> 0 | X78: =IFERROR(VLOOKUP(A78,[2]수록현황_260107!$D:$I,6,0),0) -> 0
A79: 650004225 | B79: 651000234 | C79: 8809820710142 | D79: ET.Drawi.Eyes.Browcara_01GB_5g(26AD) | E79: 5 | F79: G | G79: 9000 | H79: =ROUNDUP(G79*$H$1,-1) -> 4500 | I79: =H79/1340 -> 3.358209 | J79: 6 | K79: 180 | L79: 11520 | M79: 27*19*121MM(15*15*119) | N79: =VLOOKUP(A79,[3]Sheet2!$A:$J,10,0) -> 판매실적이 발생한 신제품(3개월유지) | O79: 36 | P79: 3304209000 | Q79: 422*310*150MM | R79: 3.7808 | S79: 21 | U79: 8182 | V79: 드로잉아이즈컬러링브로우카라26AD | W79: =IFERROR(VLOOKUP(A79,'[1]CPNP,SCPN 허가번호 리스트(필터 재정비)'!$C:$J,8,0),0) -> 0 | X79: =IFERROR(VLOOKUP(A79,[2]수록현황_260107!$D:$I,6,0),0) -> 허가 유효
A80: 650004226 | B80: 651000235 | C80: 8809820710159 | D80: ET.Drawi.Eyes.Browcara_02DB_5g(26AD) | E80: 5 | F80: G | G80: 9000 | H80: =ROUNDUP(G80*$H$1,-1) -> 4500 | I80: =H80/1340 -> 3.358209 | J80: 6 | K80: 180 | L80: 11520 | M80: 27*19*121MM(15*15*119) | N80: =VLOOKUP(A80,[3]Sheet2!$A:$J,10,0) -> 판매실적이 발생한 신제품(3개월유지) | O80: 36 | P80: 3304209000 | Q80: 422*310*150MM | R80: 3.7808 | S80: 21 | U80: 8182 | V80: 드로잉아이즈컬러링브로우카라26AD | W80: =IFERROR(VLOOKUP(A80,'[1]CPNP,SCPN 허가번호 리스트(필터 재정비)'!$C:$J,8,0),0) -> 0 | X80: =IFERROR(VLOOKUP(A80,[2]수록현황_260107!$D:$I,6,0),0) -> 허가 유효
A81: 650004227 | B81: 651000236 | C81: 8809820710166 | D81: ET.Drawi.Eyes.Browcara_03AB_5g(26AD) | E81: 5 | F81: G | G81: 9000 | H81: =ROUNDUP(G81*$H$1,-1) -> 4500 | I81: =H81/1340 -> 3.358209 | J81: 6 | K81: 180 | L81: 11520 | M81: 27*19*121MM(15*15*119) | N81: =VLOOKUP(A81,[3]Sheet2!$A:$J,10,0) -> 판매실적이 발생한 신제품(3개월유지) | O81: 36 | P81: 3304209000 | Q81: 422*310*150MM | R81: 3.7808 | S81: 21 | U81: 8182 | V81: 드로잉아이즈컬러링브로우카라26AD | W81: =IFERROR(VLOOKUP(A81,'[1]CPNP,SCPN 허가번호 리스트(필터 재정비)'!$C:$J,8,0),0) -> 0 | X81: =IFERROR(VLOOKUP(A81,[2]수록현황_260107!$D:$I,6,0),0) -> 허가 유효
A82: 650004228 | B82: 651000237 | C82: 8809820710173 | D82: ET.Drawi.Eyes.Browcara_04SB_5g(26AD) | E82: 5 | F82: G | G82: 9000 | H82: =ROUNDUP(G82*$H$1,-1) -> 4500 | I82: =H82/1340 -> 3.358209 | J82: 6 | K82: 180 | L82: 11520 | M82: 27*19*121MM(15*15*119) | N82: =VLOOKUP(A82,[3]Sheet2!$A:$J,10,0) -> 판매실적이 발생한 신제품(3개월유지) | O82: 36 | P82: 3304209000 | Q82: 422*310*150MM | R82: 3.7808 | S82: 21 | U82: 8182 | V82: 드로잉아이즈컬러링브로우카라26AD | W82: =IFERROR(VLOOKUP(A82,'[1]CPNP,SCPN 허가번호 리스트(필터 재정비)'!$C:$J,8,0),0) -> 0 | X82: =IFERROR(VLOOKUP(A82,[2]수록현황_260107!$D:$I,6,0),0) -> 허가 유효
A83: 650004229 | B83: 651000238 | C83: 8809820710180 | D83: ET.Drawi.Eyes.Browcara_05ST_5g(26AD) | E83: 5 | F83: G | G83: 9000 | H83: =ROUNDUP(G83*$H$1,-1) -> 4500 | I83: =H83/1340 -> 3.358209 | J83: 6 | K83: 180 | L83: 11520 | M83: 27*19*121MM(15*15*119) | N83: =VLOOKUP(A83,[3]Sheet2!$A:$J,10,0) -> 판매실적이 발생한 신제품(3개월유지) | O83: 36 | P83: 3304209000 | Q83: 422*310*150MM | R83: 3.7808 | S83: 21 | U83: 8182 | V83: 드로잉아이즈컬러링브로우카라26AD | W83: =IFERROR(VLOOKUP(A83,'[1]CPNP,SCPN 허가번호 리스트(필터 재정비)'!$C:$J,8,0),0) -> 0 | X83: =IFERROR(VLOOKUP(A83,[2]수록현황_260107!$D:$I,6,0),0) -> 허가 유효
A84: 650004230 | B84: 651000347 | C84: 8809820710197 | D84: ET.Drawi.Eyes.Browcara_06BP_5g(26AD) | E84: 5 | F84: G | G84: 9000 | H84: =ROUNDUP(G84*$H$1,-1) -> 4500 | I84: =H84/1340 -> 3.358209 | J84: 6 | K84: 180 | L84: 11520 | M84: 27*19*121MM(15*15*119) | N84: =VLOOKUP(A84,[3]Sheet2!$A:$J,10,0) -> 판매실적이 발생한 신제품(3개월유지) | O84: 36 | P84: 3304209000 | Q84: 422*310*150MM | R84: 3.7808 | S84: 21 | U84: 8182 | V84: 드로잉아이즈컬러링브로우카라26AD | W84: =IFERROR(VLOOKUP(A84,'[1]CPNP,SCPN 허가번호 리스트(필터 재정비)'!$C:$J,8,0),0) -> 0 | X84: =IFERROR(VLOOKUP(A84,[2]수록현황_260107!$D:$I,6,0),0) -> 허가 유효
A85: 650003698 | C85: 8809820700723 | D85: ET.Dear Darling Marker Tint #1 3.5g | E85: 3.5 | F85: G | G85: 11000 | H85: =ROUNDUP(G85*$H$1,-1) -> 5500 | I85: =H85/1340 -> 4.1044776 | J85: 6 | K85: 504 | L85: 24192 | M85: 19*19*82MM | N85: =VLOOKUP(A85,[3]Sheet2!$A:$J,10,0) -> 러닝 본품 A (상위 0~50%) | O85: 36 | P85: 3304109000 | Q85: 472*285*195MM | R85: 7.42 | S85: 14 | U85: 10000 | V85: 디어달링마커틴트 | W85: =IFERROR(VLOOKUP(A85,'[1]CPNP,SCPN 허가번호 리스트(필터 재정비)'!$C:$J,8,0),0) -> 허가 미등록 | X85: =IFERROR(VLOOKUP(A85,[2]수록현황_260107!$D:$I,6,0),0) -> 허가 유효
A86: 650003699 | C86: 8809820700730 | D86: ET.Dear Darling Marker Tint #2 3.5g | E86: 3.5 | F86: G | G86: 11000 | H86: =ROUNDUP(G86*$H$1,-1) -> 5500 | I86: =H86/1340 -> 4.1044776 | J86: 6 | K86: 504 | L86: 24192 | M86: 19*19*82MM | N86: =VLOOKUP(A86,[3]Sheet2!$A:$J,10,0) -> 러닝 본품 A (상위 0~50%) | O86: 36 | P86: 3304109000 | Q86: 472*285*195MM | R86: 7.42 | S86: 14 | U86: 10000 | V86: 디어달링마커틴트 | W86: =IFERROR(VLOOKUP(A86,'[1]CPNP,SCPN 허가번호 리스트(필터 재정비)'!$C:$J,8,0),0) -> 허가 미등록 | X86: =IFERROR(VLOOKUP(A86,[2]수록현황_260107!$D:$I,6,0),0) -> 허가 유효
A87: 650003700 | C87: 8809820700747 | D87: ET.Dear Darling Marker Tint #3 3.5g | E87: 3.5 | F87: G | G87: 11000 | H87: =ROUNDUP(G87*$H$1,-1) -> 5500 | I87: =H87/1340 -> 4.1044776 | J87: 6 | K87: 504 | L87: 24192 | M87: 19*19*82MM | N87: =VLOOKUP(A87,[3]Sheet2!$A:$J,10,0) -> 러닝 본품 B (상위 50~80%) | O87: 36 | P87: 3304109000 | Q87: 472*285*195MM | R87: 7.42 | S87: 14 | U87: 10000 | V87: 디어달링마커틴트 | W87: =IFERROR(VLOOKUP(A87,'[1]CPNP,SCPN 허가번호 리스트(필터 재정비)'!$C:$J,8,0),0) -> 허가 미등록 | X87: =IFERROR(VLOOKUP(A87,[2]수록현황_260107!$D:$I,6,0),0) -> 허가 유효
A88: 650003701 | C88: 8809820700754 | D88: ET.Dear Darling Marker Tint #4 3.5g | E88: 3.5 | F88: G | G88: 11000 | H88: =ROUNDUP(G88*$H$1,-1) -> 5500 | I88: =H88/1340 -> 4.1044776 | J88: 6 | K88: 504 | L88: 24192 | M88: 19*19*82MM | N88: =VLOOKUP(A88,[3]Sheet2!$A:$J,10,0) -> 러닝 본품 B (상위 50~80%) | O88: 36 | P88: 3304109000 | Q88: 472*285*195MM | R88: 7.42 | S88: 14 | U88: 10000 | V88: 디어달링마커틴트 | W88: =IFERROR(VLOOKUP(A88,'[1]CPNP,SCPN 허가번호 리스트(필터 재정비)'!$C:$J,8,0),0) -> 허가 미등록 | X88: =IFERROR(VLOOKUP(A88,[2]수록현황_260107!$D:$I,6,0),0) -> 허가 유효
A89: 650003702 | C89: 8809820700761 | D89: ET.Dear Darling Marker Tint #5 3.5g | E89: 3.5 | F89: G | G89: 11000 | H89: =ROUNDUP(G89*$H$1,-1) -> 5500 | I89: =H89/1340 -> 4.1044776 | J89: 6 | K89: 504 | L89: 24192 | M89: 19*19*82MM | N89: =VLOOKUP(A89,[3]Sheet2!$A:$J,10,0) -> 러닝 본품 B (상위 50~80%) | O89: 36 | P89: 3304109000 | Q89: 472*285*195MM | R89: 7.42 | S89: 14 | U89: 10000 | V89: 디어달링마커틴트 | W89: =IFERROR(VLOOKUP(A89,'[1]CPNP,SCPN 허가번호 리스트(필터 재정비)'!$C:$J,8,0),0) -> 허가 미등록 | X89: =IFERROR(VLOOKUP(A89,[2]수록현황_260107!$D:$I,6,0),0) -> 허가 유효
A90: 650003703 | C90: 8809820700778 | D90: ET.Dear Darling Marker Tint #6 3.5g | E90: 3.5 | F90: G | G90: 11000 | H90: =ROUNDUP(G90*$H$1,-1) -> 5500 | I90: =H90/1340 -> 4.1044776 | J90: 6 | K90: 504 | L90: 24192 | M90: 19*19*82MM | N90: =VLOOKUP(A90,[3]Sheet2!$A:$J,10,0) -> 러닝 본품 C (상위 80~95%) | O90: 36 | P90: 3304109000 | Q90: 472*285*195MM | R90: 7.42 | S90: 14 | U90: 10000 | V90: 디어달링마커틴트 | W90: =IFERROR(VLOOKUP(A90,'[1]CPNP,SCPN 허가번호 리스트(필터 재정비)'!$C:$J,8,0),0) -> 허가 미등록 | X90: =IFERROR(VLOOKUP(A90,[2]수록현황_260107!$D:$I,6,0),0) -> 허가 유효
A91: 650003998 | C91: 8809820707746 | D91: ET.Dear Darling Marker Tint #7 3.5g | E91: 3.5 | F91: G | G91: 11000 | H91: =ROUNDUP(G91*$H$1,-1) -> 5500 | I91: =H91/1340 -> 4.1044776 | J91: 6 | K91: 504 | L91: 24192 | M91: 19*19*82MM | N91: =VLOOKUP(A91,[3]Sheet2!$A:$J,10,0) -> 러닝 본품 C (상위 80~95%) | O91: 36 | P91: 3304109000 | Q91: 472*285*195MM | R91: 7.42 | S91: 14 | U91: 10000 | V91: 디어달링마커틴트 | W91: =IFERROR(VLOOKUP(A91,'[1]CPNP,SCPN 허가번호 리스트(필터 재정비)'!$C:$J,8,0),0) -> 허가 미등록 | X91: =IFERROR(VLOOKUP(A91,[2]수록현황_260107!$D:$I,6,0),0) -> 허가 유효
A92: 650003999 | C92: 8809820707753 | D92: ET.Dear Darling Marker Tint #8 3.5g | E92: 3.5 | F92: G | G92: 11000 | H92: =ROUNDUP(G92*$H$1,-1) -> 5500 | I92: =H92/1340 -> 4.1044776 | J92: 6 | K92: 504 | L92: 24192 | M92: 19*19*82MM | N92: =VLOOKUP(A92,[3]Sheet2!$A:$J,10,0) -> 러닝 본품 B (상위 50~80%) | O92: 36 | P92: 3304109000 | Q92: 472*285*195MM | R92: 7.42 | S92: 14 | U92: 10000 | V92: 디어달링마커틴트 | W92: =IFERROR(VLOOKUP(A92,'[1]CPNP,SCPN 허가번호 리스트(필터 재정비)'!$C:$J,8,0),0) -> 허가 미등록 | X92: =IFERROR(VLOOKUP(A92,[2]수록현황_260107!$D:$I,6,0),0) -> 허가 유효
A93: 650004000 | C93: 8809820707760 | D93: ET.Dear Darling Marker Tint #9 3.5g | E93: 3.5 | F93: G | G93: 11000 | H93: =ROUNDUP(G93*$H$1,-1) -> 5500 | I93: =H93/1340 -> 4.1044776 | J93: 6 | K93: 504 | L93: 24192 | M93: 19*19*82MM | N93: =VLOOKUP(A93,[3]Sheet2!$A:$J,10,0) -> 러닝 본품 B (상위 50~80%) | O93: 36 | P93: 3304109000 | Q93: 472*285*195MM | R93: 7.42 | S93: 14 | U93: 10000 | V93: 디어달링마커틴트 | W93: =IFERROR(VLOOKUP(A93,'[1]CPNP,SCPN 허가번호 리스트(필터 재정비)'!$C:$J,8,0),0) -> 허가 미등록 | X93: =IFERROR(VLOOKUP(A93,[2]수록현황_260107!$D:$I,6,0),0) -> 허가 유효
A94: 650004127 | C94: 8809820710333 | D94: ET.Dear Darling Marker Tint #10 3.5g | E94: 3.5 | F94: G | G94: 11000 | H94: =ROUNDUP(G94*$H$1,-1) -> 5500 | I94: =H94/1340 -> 4.1044776 | J94: 6 | K94: 504 | L94: 24192 | M94: 19*19*82MM | N94: =VLOOKUP(A94,[3]Sheet2!$A:$J,10,0) -> 러닝 본품 C (상위 80~95%) | O94: 36 | P94: 3304109000 | Q94: 472*285*195MM | R94: 7.756 | S94: 14 | U94: 10000 | V94: 디어달링마커틴트 | W94: =IFERROR(VLOOKUP(A94,'[1]CPNP,SCPN 허가번호 리스트(필터 재정비)'!$C:$J,8,0),0) -> 허가 미등록 | X94: =IFERROR(VLOOKUP(A94,[2]수록현황_260107!$D:$I,6,0),0) -> 허가 유효
A95: 650004128 | C95: 8809820710340 | D95: ET.Dear Darling Marker Tint #11 3.5g | E95: 3.5 | F95: G | G95: 11000 | H95: =ROUNDUP(G95*$H$1,-1) -> 5500 | I95: =H95/1340 -> 4.1044776 | J95: 6 | K95: 504 | L95: 24192 | M95: 19*19*82MM | N95: =VLOOKUP(A95,[3]Sheet2!$A:$J,10,0) -> 러닝 본품 C (상위 80~95%) | O95: 36 | P95: 3304109000 | Q95: 472*285*195MM | R95: 7.756 | S95: 14 | U95: 10000 | V95: 디어달링마커틴트 | W95: =IFERROR(VLOOKUP(A95,'[1]CPNP,SCPN 허가번호 리스트(필터 재정비)'!$C:$J,8,0),0) -> 허가 미등록 | X95: =IFERROR(VLOOKUP(A95,[2]수록현황_260107!$D:$I,6,0),0) -> 허가 유효
A96: 650004129 | C96: 8809820710357 | D96: ET.Dear Darling Marker Tint #12 3.5g | E96: 3.5 | F96: G | G96: 11000 | H96: =ROUNDUP(G96*$H$1,-1) -> 5500 | I96: =H96/1340 -> 4.1044776 | J96: 6 | K96: 504 | L96: 24192 | M96: 19*19*82MM | N96: =VLOOKUP(A96,[3]Sheet2!$A:$J,10,0) -> 러닝 본품 C (상위 80~95%) | O96: 36 | P96: 3304109000 | Q96: 472*285*195MM | R96: 7.756 | S96: 14 | U96: 10000 | V96: 디어달링마커틴트 | W96: =IFERROR(VLOOKUP(A96,'[1]CPNP,SCPN 허가번호 리스트(필터 재정비)'!$C:$J,8,0),0) -> 허가 미등록 | X96: =IFERROR(VLOOKUP(A96,[2]수록현황_260107!$D:$I,6,0),0) -> 허가 유효
... A107: 650003908 | C107: 8809820705353 | D107: ET.Dear.D.WaterTint#09 Watermelonade 9g | E107: 9.5 | F107: G | G107: 5000 | H107: =ROUNDUP(G107*$H$1,-1) -> 2500 | I107: =H107/1340 -> 1.8656716 | J107: 6 | K107: 192 | L107: 10752 | M107: 28*28*66MM | N107: =VLOOKUP(A107,[3]Sheet2!$A:$J,10,0) -> 러닝 본품 B (상위 50~80%) | O107: 36 | P107: 3304109000 | Q107: 432*305*180mm | R107: 9.148 | S107: 44 | U107: 4545 | V107: 디어달링워터 | W107: =IFERROR(VLOOKUP(A107,'[1]CPNP,SCPN 허가번호 리스트(필터 재정비)'!$C:$J,8,0),0) -> 0 | X107: =IFERROR(VLOOKUP(A107,[2]수록현황_260107!$D:$I,6,0),0) -> 허가 유효
A108: 650011594 | B108: 650011353 | C108: 8809668022933 | D108: ET.Dear.D.WaterTint#01 Strawberry(21) | E108: 9 | F108: G | G108: 5000 | H108: =ROUNDUP(G108*$H$1,-1) -> 2500 | I108: =H108/1340 -> 1.8656716 | J108: 6 | K108: 192 | L108: 10752 | M108: 28*28*66MM | N108: =VLOOKUP(A108,[3]Sheet2!$A:$J,10,0) -> 러닝 본품 A (상위 0~50%) | O108: 36 | P108: 3304109000 | Q108: 432*305*180mm | R108: 9.148 | S108: 44 | U108: 4545 | V108: 디어달링워터 | W108: =IFERROR(VLOOKUP(A108,'[1]CPNP,SCPN 허가번호 리스트(필터 재정비)'!$C:$J,8,0),0) -> 운영 | X108: =IFERROR(VLOOKUP(A108,[2]수록현황_260107!$D:$I,6,0),0) -> 허가 유효
A109: 650011595 | B109: 650011354 | C109: 8809668022940 | D109: ET.Dear.D.WaterTint#02 Cherry(21) | E109: 9 | F109: G | G109: 5000 | H109: =ROUNDUP(G109*$H$1,-1) -> 2500 | I109: =H109/1340 -> 1.8656716 | J109: 6 | K109: 192 | L109: 10752 | M109: 28*28*66MM | N109: =VLOOKUP(A109,[3]Sheet2!$A:$J,10,0) -> 러닝 본품 A (상위 0~50%) | O109: 36 | P109: 3304109000 | Q109: 432*305*180mm | R109: 9.148 | S109: 44 | U109: 4545 | V109: 디어달링워터 | W109: =IFERROR(VLOOKUP(A109,'[1]CPNP,SCPN 허가번호 리스트(필터 재정비)'!$C:$J,8,0),0) -> 운영 | X109: =IFERROR(VLOOKUP(A109,[2]수록현황_260107!$D:$I,6,0),0) -> 허가 유효
A110: 650011596 | B110: 650011355 | C110: 8809668022957 | D110: ET.Dear.D.WaterTint#03 Orange(21) | E110: 9 | F110: G | G110: 5000 | H110: =ROUNDUP(G110*$H$1,-1) -> 2500 | I110: =H110/1340 -> 1.8656716 | J110: 6 | K110: 192 | L110: 10752 | M110: 28*28*66MM | N110: =VLOOKUP(A110,[3]Sheet2!$A:$J,10,0) -> 러닝 본품 B (상위 50~80%) | O110: 36 | P110: 3304109000 | Q110: 432*305*180mm | R110: 9.148 | S110: 44 | U110: 4545 | V110: 디어달링워터 | W110: =IFERROR(VLOOKUP(A110,'[1]CPNP,SCPN 허가번호 리스트(필터 재정비)'!$C:$J,8,0),0) -> 운영 | X110: =IFERROR(VLOOKUP(A110,[2]수록현황_260107!$D:$I,6,0),0) -> 허가 유효
A111: 650011738 | C111: 8809820694282 | D111: ET.Dear.D.WaterTint#04 Red grapefruit 9g | E111: 9 | F111: G | G111: 5000 | H111: =ROUNDUP(G111*$H$1,-1) -> 2500 | I111: =H111/1340 -> 1.8656716 | J111: 6 | K111: 192 | L111: 10752 | M111: 28*28*66MM | N111: =VLOOKUP(A111,[3]Sheet2!$A:$J,10,0) -> 러닝 본품 A (상위 0~50%) | O111: 36 | P111: 3304109000 | Q111: 432*305*180mm | R111: 9.148 | S111: 44 | U111: 4545 | V111: 디어달링워터 | W111: =IFERROR(VLOOKUP(A111,'[1]CPNP,SCPN 허가번호 리스트(필터 재정비)'!$C:$J,8,0),0) -> 운영 | X111: =IFERROR(VLOOKUP(A111,[2]수록현황_260107!$D:$I,6,0),0) -> 허가 유효
A112: 650011739 | C112: 8809820694299 | D112: ET.Dear.D.WaterTint#05 grape 9g | E112: 9 | F112: G | G112: 5000 | H112: =ROUNDUP(G112*$H$1,-1) -> 2500 | I112: =H112/1340 -> 1.8656716 | J112: 6 | K112: 192 | L112: 10752 | M112: 28*28*66MM | N112: =VLOOKUP(A112,[3]Sheet2!$A:$J,10,0) -> 러닝 본품 B (상위 50~80%) | O112: 36 | P112: 3304109000 | Q112: 432*305*180mm | R112: 9.148 | S112: 44 | U112: 4545 | V112: 디어달링워터 | W112: =IFERROR(VLOOKUP(A112,'[1]CPNP,SCPN 허가번호 리스트(필터 재정비)'!$C:$J,8,0),0) -> 운영 | X112: =IFERROR(VLOOKUP(A112,[2]수록현황_260107!$D:$I,6,0),0) -> 허가 유효
A113: 650011807 | C113: 8809820700365 | D113: ET.Dear.D.WaterTint#06 9g | E113: 9 | F113: G | G113: 5000 | H113: =ROUNDUP(G113*$H$1,-1) -> 2500 | I113: =H113/1340 -> 1.8656716 | J113: 6 | K113: 192 | L113: 10752 | M113: 28*28*66MM | N113: =VLOOKUP(A113,[3]Sheet2!$A:$J,10,0) -> 러닝 본품 A (상위 0~50%) | O113: 36 | P113: 3304109000 | Q113: 432*305*180mm | R113: 9.148 | S113: 44 | U113: 4545 | V113: 디어달링워터 | W113: =IFERROR(VLOOKUP(A113,'[1]CPNP,SCPN 허가번호 리스트(필터 재정비)'!$C:$J,8,0),0) -> 0 | X113: =IFERROR(VLOOKUP(A113,[2]수록현황_260107!$D:$I,6,0),0) -> 허가 유효
A114: 650011808 | C114: 8809820700372 | D114: ET.Dear.D.WaterTint#07 9g | E114: 9 | F114: G | G114: 5000 | H114: =ROUNDUP(G114*$H$1,-1) -> 2500 | I114: =H114/1340 -> 1.8656716 | J114: 6 | K114: 192 | L114: 10752 | M114: 28*28*66MM | N114: =VLOOKUP(A114,[3]Sheet2!$A:$J,10,0) -> 러닝 본품 C (상위 80~95%) | O114: 36 | P114: 3304109000 | Q114: 432*305*180mm | R114: 9.148 | S114: 44 | U114: 4545 | V114: 디어달링워터 | W114: =IFERROR(VLOOKUP(A114,'[1]CPNP,SCPN 허가번호 리스트(필터 재정비)'!$C:$J,8,0),0) -> 0 | X114: =IFERROR(VLOOKUP(A114,[2]수록현황_260107!$D:$I,6,0),0) -> 허가 유효
A115: 650011608 | B115: 650011350 | C115: 8809668023817 | D115: ET.Dear.D.WaterGelTint#16 PK004('21) | E115: 4.5 | F115: G | G115: 6000 | H115: =ROUNDUP(G115*$H$1,-1) -> 3000 | I115: =H115/1340 -> 2.238806 | J115: 6 | K115: 324 | L115: 12960 | M115: 34.5*26*70MM | N115: =VLOOKUP(A115,[3]Sheet2!$A:$J,10,0) -> 생산 중지확정(물류재고존재) | O115: 36 | P115: 3304109000 | Q115: 472*285*250mm | R115: 13.66 | S115: 40 | U115: 5455 | V115: 디어달링워터젤 | W115: =IFERROR(VLOOKUP(A115,'[1]CPNP,SCPN 허가번호 리스트(필터 재정비)'!$C:$J,8,0),0) -> 단종(유지보수 종료예정) | X115: =IFERROR(VLOOKUP(A115,[2]수록현황_260107!$D:$I,6,0),0) -> 0
A116: 650011609 | B116: 650011351 | C116: 8809668023824 | D116: ET.Dear.D.WaterGelTint#18 RD307(21) | E116: 4.5 | F116: G | G116: 6000 | H116: =ROUNDUP(G116*$H$1,-1) -> 3000 | I116: =H116/1340 -> 2.238806 | J116: 6 | K116: 324 | L116: 12960 | M116: 34.5*26*70MM | N116: =VLOOKUP(A116,[3]Sheet2!$A:$J,10,0) -> 생산 중지확정(물류재고존재) | O116: 36 | P116: 3304109000 | Q116: 472*285*250mm | R116: 13.66 | S116: 40 | U116: 5455 | V116: 디어달링워터젤 | W116: =IFERROR(VLOOKUP(A116,'[1]CPNP,SCPN 허가번호 리스트(필터 재정비)'!$C:$J,8,0),0) -> 단종(유지보수 종료예정) | X116: =IFERROR(VLOOKUP(A116,[2]수록현황_260107!$D:$I,6,0),0) -> 0
A117: 650011815 | B117: 650011597 | C117: 8809820702741 | D117: ET.Dear.D.WaterGel #01 Tangerine red 5g | E117: 5 | F117: G | G117: 8000 | H117: =ROUNDUP(G117*$H$1,-1) -> 4000 | I117: =H117/1340 -> 2.9850746 | J117: 6 | K117: 252 | L117: 18144 | M117: 19*19*111MM | N117: =VLOOKUP(A117,[3]Sheet2!$A:$J,10,0) -> 러닝 본품 C (상위 80~95%) | O117: 36 | P117: 3304109000 | Q117: 472*285*135mm | R117: 9.52 | S117: 35 | U117: 7273 | V117: 디어달링워터젤AD | W117: =IFERROR(VLOOKUP(A117,'[1]CPNP,SCPN 허가번호 리스트(필터 재정비)'!$C:$J,8,0),0) -> 운영 | X117: =IFERROR(VLOOKUP(A117,[2]수록현황_260107!$D:$I,6,0),0) -> 허가 유효
...
