Workbook

Sheet Как заполнять
A1: Как вести этот файл
A2: Желтое — вводим руками. Зеленое — считается. Файл ведется во время погрузки, а не после отправки.
A4: № | B4: Правило | C4: Почему так
A5: 1 | B5: Состояние ставим при погрузке, не после | C5: Позицию все равно берут в руки и кладут в ящик — тогда и видно, новая она или б/у. В учете состояние проставлено только у 54 позиций из 810, по остальным его просто нет. Заполнить потом по памяти не получится.
A6: 2 | B6: Новое и б/у не смешиваем в одном месте | C6: Покупатель принимает груз по упаковочному листу. Если в ящике лежит и новое, и б/у, спор о состоянии придет на весь ящик.
A7: 3 | B7: Сначала расходы, потом цены | C7: Доставка разносится от суммы на листе расходов. Пока там нули, колонка «Доставка на ед.» будет нулевой, и цена с доставкой совпадет с ценой товара.
A8: 4 | B8: Разносим по весу | C8: За контейнер платят за тонны, поэтому доставка ложится на вес. На задвижке Ду250 это будут тысячи рублей на штуку, на штуцерном клапане — рубли. Разнести поровну на штуку значит завысить цену мелочи и занизить цену тяжелой арматуры.
A9: 5 | B9: Вес можно заменить на фактический | C9: Колонка «Вес ед.» желтая: там стоит справочная масса с погрешностью около трети. Взвесили место — впишите факт, разнесение пересчитается.
A10: 6 | B10: Отгружено, а не числится | C10: Колонка «Числится» — то, что стоит в учете на 16.06.2025 и не подтверждено инвентаризацией. Считаем по колонке «Отгружено»: сколько реально положили в контейнер.
A11: 7 | B11: Цена с доставкой — это не цена продажи | C11: Это то, во что позиция обошлась на складе в Петербурге. Цену покупателю ставим от нее, иначе тяжелая арматура уедет в минус.
A12: 8 | B12: Каждое место — свой номер | C12: Номер места в отгрузке должен совпадать с биркой на ящике и строкой упаковочного листа. Иначе принимать груз придется вскрытием всего подряд.

Sheet Расходы и доставка
A1: Расходы на отгрузку и как они ложатся на товар
A2: Желтые ячейки заполняем сами. Все остальное считается. Пока расходы не введены, доставка на единицу будет нулевой.
A4: Расход | B4: Сумма, руб | C4: Комментарий
A5: Контейнер: фрахт Владивосток — Петербург
A6: Автодоставка до контейнера во Владивостоке
A7: Погрузка и выгрузка, такелаж
A8: Тара: поддоны, доска, ящики
A9: Упаковка: стрейч, лента, фанера на фланцы
A10: Экспедирование и документы
A11: Страхование груза
A12: Прочие расходы
A13: ИТОГО расходов на отгрузку | B13: =SUM(B5:B12)
A15: Как разносим на позиции | B15: по весу | C15: За контейнер платят за тонны, поэтому по умолчанию по весу
A17: Что набралось в отгрузке
A19: Вес всего, кг | B19: =SUM('Отгрузка'!N5:N149)
A20: Объем всего, м³ | B20: =SUM('Отгрузка'!O5:O149)
A21: Штук всего | B21: =SUM('Отгрузка'!L5:L149)
A22: Стоимость товара, руб | B22: =SUM('Отгрузка'!T5:T149)
A24: Сколько стоит перевозка
A25: Доставка на килограмм, руб | B25: =IFERROR(B13/B19,0)
A26: Доставка на штуку в среднем, руб | B26: =IFERROR(B13/B21,0)
A27: Доставка в процентах от стоимости товара | B27: =IFERROR(B13/B22,0)
A28: Товар с доставкой, руб | B28: =B22+B13

Sheet Отгрузка
A1: Отгрузка в Санкт-Петербург: что грузим и почем выходит
A2: Желтые колонки заполняем при погрузке. Состояние ставим на месте: в учете оно проставлено только у части позиций. Зеленые колонки считаются сами.
A4: № | B4: Очередь | C4: Ярус | D4: Тип | E4: Диаметр | F4: Наименование | G4: Чертеж | H4: Состояние | I4: Комплектность | J4: Материал | K4: Числится, шт | L4: Отгружено, шт | M4: Вес ед., кг | N4: Вес всего, кг | O4: Объем всего, м³ | P4: Доля в отгрузке | Q4: Доставка на позицию, руб | R4: Доставка на ед., руб | S4: Цена за ед., руб | T4: Сумма позиции, руб | U4: Цена с доставкой за ед., руб | V4: Доставка в цене, % | W4: № места | X4: Локация | Y4: Примечание
A5: 1 | B5: 1. Клинкет Ду250, Ду300, Ду350, бронза и латунь | C5: Ярус 1, на настил | D5: клинкет (задвижка) | E5: Ду250 | F5: Клинкет Ду 250 | I5: Комплект | J5: проверить: везем бронзу и латунь | K5: 2 | L5: 2 | M5: 220 | N5: =L5*M5 | O5: 0.5 | P5: =IFERROR(IF('Расходы и доставка'!$B$15="по весу",N5/'Расходы и доставка'!$B$19,IF('Расходы и доставка'!$B$15="по объему",O5/'Расходы и доставка'!$B$20,IF('Расходы и доставка'!$B$15="поровну на штуку",L5/'Расходы и доставка'!$B$21,T5/'Расходы и доставка'!$B$22))),0) | Q5: =P5*'Расходы и доставка'!$B$13 | R5: =IFERROR(Q5/L5,0) | S5: 200000 | T5: =L5*S5 | U5: =S5+R5 | V5: =IFERROR(R5/S5,"") | X5: Фойе
A6: 2 | B6: 1. Клинкет Ду250, Ду300, Ду350, бронза и латунь | C6: Ярус 1, на настил | D6: клинкет (задвижка) | E6: Ду250 | F6: Клинкет Ду 250 не комплект | I6: Не комплект | J6: проверить: везем бронзу и латунь | K6: 2 | L6: 2 | M6: 220 | N6: =L6*M6 | O6: 0.5 | P6: =IFERROR(IF('Расходы и доставка'!$B$15="по весу",N6/'Расходы и доставка'!$B$19,IF('Расходы и доставка'!$B$15="по объему",O6/'Расходы и доставка'!$B$20,IF('Расходы и доставка'!$B$15="поровну на штуку",L6/'Расходы и доставка'!$B$21,T6/'Расходы и доставка'!$B$22))),0) | Q6: =P6*'Расходы и доставка'!$B$13 | R6: =IFERROR(Q6/L6,0) | S6: 200000 | T6: =L6*S6 | U6: =S6+R6 | V6: =IFERROR(R6/S6,"") | X6: Фойе
A7: 3 | B7: 1. Клинкет Ду250, Ду300, Ду350, бронза и латунь | C7: Ярус 1, на настил | D7: клинкет (задвижка) | E7: Ду300 | F7: Клинкет Ду 300 | I7: Комплект | J7: проверить: везем бронзу и латунь | K7: 16 | L7: 16 | M7: 300 | N7: =L7*M7 | O7: 5.6 | P7: =IFERROR(IF('Расходы и доставка'!$B$15="по весу",N7/'Расходы и доставка'!$B$19,IF('Расходы и доставка'!$B$15="по объему",O7/'Расходы и доставка'!$B$20,IF('Расходы и доставка'!$B$15="поровну на штуку",L7/'Расходы и доставка'!$B$21,T7/'Расходы и доставка'!$B$22))),0) | Q7: =P7*'Расходы и доставка'!$B$13 | R7: =IFERROR(Q7/L7,0) | S7: 250000 | T7: =L7*S7 | U7: =S7+R7 | V7: =IFERROR(R7/S7,"") | X7: Фойе
A8: 4 | B8: 1. Клинкет Ду250, Ду300, Ду350, бронза и латунь | C8: Ярус 1, на настил | D8: клинкет (задвижка) | E8: Ду350 | F8: Клинкет Ду 350 | I8: Комплект | J8: проверить: везем бронзу и латунь | K8: 1 | L8: 1 | M8: 400 | N8: =L8*M8 | O8: 0.45 | P8: =IFERROR(IF('Расходы и доставка'!$B$15="по весу",N8/'Расходы и доставка'!$B$19,IF('Расходы и доставка'!$B$15="по объему",O8/'Расходы и доставка'!$B$20,IF('Расходы и доставка'!$B$15="поровну на штуку",L8/'Расходы и доставка'!$B$21,T8/'Расходы и доставка'!$B$22))),0) | Q8: =P8*'Расходы и доставка'!$B$13 | R8: =IFERROR(Q8/L8,0) | S8: 300000 | T8: =L8*S8 | U8: =S8+R8 | V8: =IFERROR(R8/S8,"") | X8: Фойе
A9: 5 | B9: 1. Клинкет Ду250, Ду300, Ду350, бронза и латунь | C9: Ярус 1, на настил | D9: клинкет (задвижка) | E9: Ду250 | F9: Задвижка клинкетная Ду 250 | I9: Комплект | J9: проверить: везем бронзу и латунь | K9: 17 | L9: 17 | M9: 220 | N9: =L9*M9 | O9: 4.25 | P9: =IFERROR(IF('Расходы и доставка'!$B$15="по весу",N9/'Расходы и доставка'!$B$19,IF('Расходы и доставка'!$B$15="по объему",O9/'Расходы и доставка'!$B$20,IF('Расходы и доставка'!$B$15="поровну на штуку",L9/'Расходы и доставка'!$B$21,T9/'Расходы и доставка'!$B$22))),0) | Q9: =P9*'Расходы и доставка'!$B$13 | R9: =IFERROR(Q9/L9,0) | S9: 150000 | T9: =L9*S9 | U9: =S9+R9 | V9: =IFERROR(R9/S9,"") | X9: Склад 1А/1Б
A10: 6 | B10: 2. Титановая арматура | C10: Ярус 4, верх | D10: клапан фланцевый | E10: Ду50 | F10: Клапан фланцевый проходной титановые Ду50Ру10 | G10: 521-182.110 | H10: Новое | I10: Комплект | J10: титан | K10: 5 | L10: 5 | M10: 14 | N10: =L10*M10 | O10: 0.06 | P10: =IFERROR(IF('Расходы и доставка'!$B$15="по весу",N10/'Расходы и доставка'!$B$19,IF('Расходы и доставка'!$B$15="по объему",O10/'Расходы и доставка'!$B$20,IF('Расходы и доставка'!$B$15="поровну на штуку",L10/'Расходы и доставка'!$B$21,T10/'Расходы и доставка'!$B$22))),0) | Q10: =P10*'Расходы и доставка'!$B$13 | R10: =IFERROR(Q10/L10,0) | T10: =L10*S10 | U10: =S10+R10 | V10: =IFERROR(R10/S10,"") | X10: Склад 2
A11: 7 | B11: 2. Титановая арматура | C11: Ярус 4, верх | D11: клапан фланцевый | E11: Ду100 | F11: Клапан фланцевый проходной титановые Ду100Ру10 | G11: 521-182.116 | H11: Новое | I11: Комплект | J11: титан | K11: 1 | L11: 1 | M11: 40 | N11: =L11*M11 | O11: 0.045 | P11: =IFERROR(IF('Расходы и доставка'!$B$15="по весу",N11/'Расходы и доставка'!$B$19,IF('Расходы и доставка'!$B$15="по объему",O11/'Расходы и доставка'!$B$20,IF('Расходы и доставка'!$B$15="поровну на штуку",L11/'Расходы и доставка'!$B$21,T11/'Расходы и доставка'!$B$22))),0) | Q11: =P11*'Расходы и доставка'!$B$13 | R11: =IFERROR(Q11/L11,0) | T11: =L11*S11 | U11: =S11+R11 | V11: =IFERROR(R11/S11,"") | X11: Склад 2
A12: 8 | B12: 3. Остальная бронза и латунь | C12: Ярус 3, ящики | D12: клапан фланцевый | E12: Ду25 | F12: Клапан фланцевый угловой Ду25 | G12: 521-3М539 | I12: Комплект | J12: бронза/латунь | K12: 15 | L12: 15 | M12: 5 | N12: =L12*M12 | O12: 0.045 | P12: =IFERROR(IF('Расходы и доставка'!$B$15="по весу",N12/'Расходы и доставка'!$B$19,IF('Расходы и доставка'!$B$15="по объему",O12/'Расходы и доставка'!$B$20,IF('Расходы и доставка'!$B$15="поровну на штуку",L12/'Расходы и доставка'!$B$21,T12/'Расходы и доставка'!$B$22))),0) | Q12: =P12*'Расходы и доставка'!$B$13 | R12: =IFERROR(Q12/L12,0) | S12: 9600 | T12: =L12*S12 | U12: =S12+R12 | V12: =IFERROR(R12/S12,"") | X12: Склад 3
A13: 9 | B13: 3. Остальная бронза и латунь | C13: Ярус 3, ящики | D13: клапан фланцевый | E13: Ду40 | F13: Клапан фланцевый угловой Ду40 Ру25 | G13: 521-01.200 | I13: Комплект | J13: бронза/латунь | K13: 1 | L13: 1 | M13: 10 | N13: =L13*M13 | O13: 0.008 | P13: =IFERROR(IF('Расходы и доставка'!$B$15="по весу",N13/'Расходы и доставка'!$B$19,IF('Расходы и доставка'!$B$15="по объему",O13/'Расходы и доставка'!$B$20,IF('Расходы и доставка'!$B$15="поровну на штуку",L13/'Расходы и доставка'!$B$21,T13/'Расходы и доставка'!$B$22))),0) | Q13: =P13*'Расходы и доставка'!$B$13 | R13: =IFERROR(Q13/L13,0) | S13: 18000 | T13: =L13*S13 | U13: =S13+R13 | V13: =IFERROR(R13/S13,"") | X13: Склад 3
A14: 10 | B14: 3. Остальная бронза и латунь | C14: Ярус 3, ящики | D14: клапан фланцевый | E14: Ду50 | F14: Клапан фланцевый угловой Ду50 Ру25 | G14: СВ/Т3197-95В25050 | I14: Комплект | J14: бронза/латунь | K14: 7 | L14: 7 | M14: 14 | N14: =L14*M14 | O14: 0.084 | P14: =IFERROR(IF('Расходы и доставка'!$B$15="по весу",N14/'Расходы и доставка'!$B$19,IF('Расходы и доставка'!$B$15="по объему",O14/'Расходы и доставка'!$B$20,IF('Расходы и доставка'!$B$15="поровну на штуку",L14/'Расходы и доставка'!$B$21,T14/'Расходы и доставка'!$B$22))),0) | Q14: =P14*'Расходы и доставка'!$B$13 | R14: =IFERROR(Q14/L14,0) | S14: 22500 | T14: =L14*S14 | U14: =S14+R14 | V14: =IFERROR(R14/S14,"") | X14: Склад 3
A15: 11 | B15: 3. Остальная бронза и латунь | C15: Ярус 3, ящики | D15: клапан фланцевый | E15: Ду40 | F15: Клапан фланцевый угловой Ду40 Ру10 | G15: 522-03.202 | I15: Комплект | J15: бронза/латунь | K15: 1 | L15: 1 | M15: 10 | N15: =L15*M15 | O15: 0.008 | P15: =IFERROR(IF('Расходы и доставка'!$B$15="по весу",N15/'Расходы и доставка'!$B$19,IF('Расходы и доставка'!$B$15="по объему",O15/'Расходы и доставка'!$B$20,IF('Расходы и доставка'!$B$15="поровну на штуку",L15/'Расходы и доставка'!$B$21,T15/'Расходы и доставка'!$B$22))),0) | Q15: =P15*'Расходы и доставка'!$B$13 | R15: =IFERROR(Q15/L15,0) | S15: 16000 | T15: =L15*S15 | U15: =S15+R15 | V15: =IFERROR(R15/S15,"") | X15: Склад 3
A16: 12 | B16: 3. Остальная бронза и латунь | C16: Ярус 3, ящики | D16: клинкет (задвижка) | E16: Ду65 | F16: Задвижка клинкетная Ду65 | I16: Комплект | J16: бронза/латунь | K16: 16 | L16: 16 | M16: 18 | N16: =L16*M16 | O16: 0.32 | P16: =IFERROR(IF('Расходы и доставка'!$B$15="по весу",N16/'Расходы и доставка'!$B$19,IF('Расходы и доставка'!$B$15="по объему",O16/'Расходы и доставка'!$B$20,IF('Расходы и доставка'!$B$15="поровну на штуку",L16/'Расходы и доставка'!$B$21,T16/'Расходы и доставка'!$B$22))),0) | Q16: =P16*'Расходы и доставка'!$B$13 | R16: =IFERROR(Q16/L16,0) | S16: 27000 | T16: =L16*S16 | U16: =S16+R16 | V16: =IFERROR(R16/S16,"") | X16: Склад 3
A17: 13 | B17: 3. Остальная бронза и латунь | C17: Ярус 3, ящики | D17: клапан фланцевый | E17: Ду65 | F17: Клапан фланцевый угловой Ду65 Ру10 | G17: 522-35.4154-02 | I17: Комплект | J17: бронза/латунь | K17: 6 | L17: 6 | M17: 20 | N17: =L17*M17 | O17: 0.12 | P17: =IFERROR(IF('Расходы и доставка'!$B$15="по весу",N17/'Расходы и доставка'!$B$19,IF('Расходы и доставка'!$B$15="по объему",O17/'Расходы и доставка'!$B$20,IF('Расходы и доставка'!$B$15="поровну на штуку",L17/'Расходы и доставка'!$B$21,T17/'Расходы и доставка'!$B$22))),0) | Q17: =P17*'Расходы и доставка'!$B$13 | R17: =IFERROR(Q17/L17,0) | S17: 27000 | T17: =L17*S17 | U17: =S17+R17 | V17: =IFERROR(R17/S17,"") | X17: Склад 3
A18: 14 | B18: 3. Остальная бронза и латунь | C18: Ярус 3, ящики | D18: клапан фланцевый | E18: Ду65 | F18: Клапан фланцевый угловой Ду65 Ру10 | G18: 522-35.4201 | I18: Комплект | J18: бронза/латунь | K18: 3 | L18: 3 | M18: 20 | N18: =L18*M18 | O18: 0.06 | P18: =IFERROR(IF('Расходы и доставка'!$B$15="по весу",N18/'Расходы и доставка'!$B$19,IF('Расходы и доставка'!$B$15="по объему",O18/'Расходы и доставка'!$B$20,IF('Расходы и доставка'!$B$15="поровну на штуку",L18/'Расходы и доставка'!$B$21,T18/'Расходы и доставка'!$B$22))),0) | Q18: =P18*'Расходы и доставка'!$B$13 | R18: =IFERROR(Q18/L18,0) | S18: 27000 | T18: =L18*S18 | U18: =S18+R18 | V18: =IFERROR(R18/S18,"") | X18: Склад 3
A19: 15 | B19: 3. Остальная бронза и латунь | C19: Ярус 3, ящики | D19: клапан фланцевый | E19: Ду65 | F19: Клапан фланцевый угловой Ду65 Ру10 | G19: 521-03.195 | I19: Комплект | J19: бронза/латунь | K19: 12 | L19: 12 | M19: 20 | N19: =L19*M19 | O19: 0.24 | P19: =IFERROR(IF('Расходы и доставка'!$B$15="по весу",N19/'Расходы и доставка'!$B$19,IF('Расходы и доставка'!$B$15="по объему",O19/'Расходы и доставка'!$B$20,IF('Расходы и доставка'!$B$15="поровну на штуку",L19/'Расходы и доставка'!$B$21,T19/'Расходы и доставка'!$B$22))),0) | Q19: =P19*'Расходы и доставка'!$B$13 | R19: =IFERROR(Q19/L19,0) | S19: 27000 | T19: =L19*S19 | U19: =S19+R19 | V19: =IFERROR(R19/S19,"") | X19: Склад 3
A20: 16 | B20: 3. Остальная бронза и латунь | C20: Ярус 3, ящики | D20: клинкет (задвижка) | E20: Ду70 | F20: Задвижка клинкетная фланцевая Ду70 Ру6 | I20: Комплект | J20: бронза/латунь | K20: 7 | L20: 7 | M20: 22 | N20: =L20*M20 | O20: 0.154 | P20: =IFERROR(IF('Расходы и доставка'!$B$15="по весу",N20/'Расходы и доставка'!$B$19,IF('Расходы и доставка'!$B$15="по объему",O20/'Расходы и доставка'!$B$20,IF('Расходы и доставка'!$B$15="поровну на штуку",L20/'Расходы и доставка'!$B$21,T20/'Расходы и доставка'!$B$22))),0) | Q20: =P20*'Расходы и доставка'!$B$13 | R20: =IFERROR(Q20/L20,0) | S20: 27000 | T20: =L20*S20 | U20: =S20+R20 | V20: =IFERROR(R20/S20,"") | X20: Склад 3
A21: 17 | B21: 3. Остальная бронза и латунь | C21: Ярус 3, ящики | D21: клапан фланцевый | E21: Ду80 | F21: Клапан фланцевый угловой Ду80 | G21: 522-03.197 | I21: Комплект | J21: бронза/латунь | K21: 7 | L21: 7 | M21: 28 | N21: =L21*M21 | O21: 0.21 | P21: =IFERROR(IF('Расходы и доставка'!$B$15="по весу",N21/'Расходы и доставка'!$B$19,IF('Расходы и доставка'!$B$15="по объему",O21/'Расходы и доставка'!$B$20,IF('Расходы и доставка'!$B$15="поровну на штуку",L21/'Расходы и доставка'!$B$21,T21/'Расходы и доставка'!$B$22))),0) | Q21: =P21*'Расходы и доставка'!$B$13 | R21: =IFERROR(Q21/L21,0) | S21: 34000 | T21: =L21*S21 | U21: =S21+R21 | V21: =IFERROR(R21/S21,"") | X21: Склад 3
A22: 18 | B22: 3. Остальная бронза и латунь | C22: Ярус 3, ящики | D22: клинкет (задвижка) | E22: Ду80 | F22: Задвижка клинкетная фланцевая Ду80 Ру6 | I22: Комплект | J22: бронза/латунь | K22: 18 | L22: 18 | M22: 28 | N22: =L22*M22 | O22: 0.54 | P22: =IFERROR(IF('Расходы и доставка'!$B$15="по весу",N22/'Расходы и доставка'!$B$19,IF('Расходы и доставка'!$B$15="по объему",O22/'Расходы и доставка'!$B$20,IF('Расходы и доставка'!$B$15="поровну на штуку",L22/'Расходы и доставка'!$B$21,T22/'Расходы и доставка'!$B$22))),0) | Q22: =P22*'Расходы и доставка'!$B$13 | R22: =IFERROR(Q22/L22,0) | S22: 32000 | T22: =L22*S22 | U22: =S22+R22 | V22: =IFERROR(R22/S22,"") | X22: Склад 3
A23: 19 | B23: 3. Остальная бронза и латунь | C23: Ярус 3, ящики | D23: клинкет (задвижка) | E23: Ду60 | F23: Задвижка клинкетная Ду60 | I23: Комплект | J23: бронза/латунь | K23: 1 | L23: 1 | M23: 16 | N23: =L23*M23 | O23: 0.02 | P23: =IFERROR(IF('Расходы и доставка'!$B$15="по весу",N23/'Расходы и доставка'!$B$19,IF('Расходы и доставка'!$B$15="по объему",O23/'Расходы и доставка'!$B$20,IF('Расходы и доставка'!$B$15="поровну на штуку",L23/'Расходы и доставка'!$B$21,T23/'Расходы и доставка'!$B$22))),0) | Q23: =P23*'Расходы и доставка'!$B$13 | R23: =IFERROR(Q23/L23,0) | S23: 18000 | T23: =L23*S23 | U23: =S23+R23 | V23: =IFERROR(R23/S23,"") | X23: Склад 3
A24: 20 | B24: 3. Остальная бронза и латунь | C24: Ярус 2, рядом на полу | D24: клапан фланцевый | E24: Ду150 | F24: Клапан фланцевый угловой Ду150 Ру10 | I24: Комплект | J24: бронза/латунь | K24: 1 | L24: 1 | M24: 75 | N24: =L24*M24 | O24: 0.1 | P24: =IFERROR(IF('Расходы и доставка'!$B$15="по весу",N24/'Расходы и доставка'!$B$19,IF('Расходы и доставка'!$B$15="по объему",O24/'Расходы и доставка'!$B$20,IF('Расходы и доставка'!$B$15="поровну на штуку",L24/'Расходы и доставка'!$B$21,T24/'Расходы и доставка'!$B$22))),0) | Q24: =P24*'Расходы и доставка'!$B$13 | R24: =IFERROR(Q24/L24,0) | S24: 80000 | T24: =L24*S24 | U24: =S24+R24 | V24: =IFERROR(R24/S24,"") | X24: Склад 3
A25: 21 | B25: 3. Остальная бронза и латунь | C25: Ярус 2, рядом на полу | D25: клапан фланцевый | E25: Ду150 | F25: Клапан фланцевый угловой Ду150 Ру10 | G25: 521-01.207 | I25: Комплект | J25: бронза/латунь | K25: 1 | L25: 1 | M25: 75 | N25: =L25*M25 | O25: 0.1 | P25: =IFERROR(IF('Расходы и доставка'!$B$15="по весу",N25/'Расходы и доставка'!$B$19,IF('Расходы и доставка'!$B$15="по объему",O25/'Расходы и доставка'!$B$20,IF('Расходы и доставка'!$B$15="поровну на штуку",L25/'Расходы и доставка'!$B$21,T25/'Расходы и доставка'!$B$22))),0) | Q25: =P25*'Расходы и доставка'!$B$13 | R25: =IFERROR(Q25/L25,0) | S25: 80000 | T25: =L25*S25 | U25: =S25+R25 | V25: =IFERROR(R25/S25,"") | X25: Склад 3
A26: 22 | B26: 3. Остальная бронза и латунь | C26: Ярус 3, ящики | D26: клинкет (задвижка) | E26: Ду80 | F26: Задвижка клинкетная Ду 80 БРОНЗА | I26: Комплект | J26: бронза/латунь | K26: 44 | L26: 44 | M26: 28 | N26: =L26*M26 | O26: 1.32 | P26: =IFERROR(IF('Расходы и доставка'!$B$15="по весу",N26/'Расходы и доставка'!$B$19,IF('Расходы и доставка'!$B$15="по объему",O26/'Расходы и доставка'!$B$20,IF('Расходы и доставка'!$B$15="поровну на штуку",L26/'Расходы и доставка'!$B$21,T26/'Расходы и доставка'!$B$22))),0) | Q26: =P26*'Расходы и доставка'!$B$13 | R26: =IFERROR(Q26/L26,0) | S26: 24000 | T26: =L26*S26 | U26: =S26+R26 | V26: =IFERROR(R26/S26,"") | X26: Склад 1А/1Б
A27: 23 | B27: 3. Остальная бронза и латунь | C27: Ярус 3, ящики | D27: клинкет (задвижка) | E27: Ду100 | F27: Задвижка клинкетная Ду100 | I27: Комплект | J27: бронза/латунь | K27: 6 | L27: 6 | M27: 45 | N27: =L27*M27 | O27: 0.27 | P27: =IFERROR(IF('Расходы и доставка'!$B$15="по весу",N27/'Расходы и доставка'!$B$19,IF('Расходы и доставка'!$B$15="по объему",O27/'Расходы и доставка'!$B$20,IF('Расходы и доставка'!$B$15="поровну на штуку",L27/'Расходы и доставка'!$B$21,T27/'Расходы и доставка'!$B$22))),0) | Q27: =P27*'Расходы и доставка'!$B$13 | R27: =IFERROR(Q27/L27,0) | S27: 38000 | T27: =L27*S27 | U27: =S27+R27 | V27: =IFERROR(R27/S27,"") | X27: Склад 3
A28: 24 | B28: 3. Остальная бронза и латунь | C28: Ярус 3, ящики | D28: клинкет (задвижка) | E28: Ду100 | F28: Задвижка клинкетная Ду100 | I28: Комплект | J28: бронза/латунь | K28: 43 | L28: 43 | M28: 45 | N28: =L28*M28 | O28: 1.935 | P28: =IFERROR(IF('Расходы и доставка'!$B$15="по весу",N28/'Расходы и доставка'!$B$19,IF('Расходы и доставка'!$B$15="по объему",O28/'Расходы и доставка'!$B$20,IF('Расходы и доставка'!$B$15="поровну на штуку",L28/'Расходы и доставка'!$B$21,T28/'Расходы и доставка'!$B$22))),0) | Q28: =P28*'Расходы и доставка'!$B$13 | R28: =IFERROR(Q28/L28,0) | S28: 38000 | T28: =L28*S28 | U28: =S28+R28 | V28: =IFERROR(R28/S28,"") | X28: Склад 3
A29: 25 | B29: 3. Остальная бронза и латунь | C29: Ярус 3, ящики | D29: клинкет (задвижка) | E29: Ду100 | F29: Задвижка клинкетная Ду 100 БРОНЗА | I29: Комплект | J29: бронза/латунь | K29: 2 | L29: 2 | M29: 45 | N29: =L29*M29 | O29: 0.09 | P29: =IFERROR(IF('Расходы и доставка'!$B$15="по весу",N29/'Расходы и доставка'!$B$19,IF('Расходы и доставка'!$B$15="по объему",O29/'Расходы и доставка'!$B$20,IF('Расходы и доставка'!$B$15="поровну на штуку",L29/'Расходы и доставка'!$B$21,T29/'Расходы и доставка'!$B$22))),0) | Q29: =P29*'Расходы и доставка'!$B$13 | R29: =IFERROR(Q29/L29,0) | S29: 35000 | T29: =L29*S29 | U29: =S29+R29 | V29: =IFERROR(R29/S29,"") | X29: Склад 1А/1Б
A30: 26 | B30: 4. Прочее, по цене за килограмм | C30: Ярус 2, рядом на полу | D30: клапан без описания — уточнить | E30: Ду125 | F30: Клапан проходной ДУ 125 корпус | I30: Комплект | K30: 1 | L30: 1 | M30: 5 | N30: =L30*M30 | O30: 0.07 | P30: =IFERROR(IF('Расходы и доставка'!$B$15="по весу",N30/'Расходы и доставка'!$B$19,IF('Расходы и доставка'!$B$15="по объему",O30/'Расходы и доставка'!$B$20,IF('Расходы и доставка'!$B$15="поровну на штуку",L30/'Расходы и доставка'!$B$21,T30/'Расходы и доставка'!$B$22))),0) | Q30: =P30*'Расходы и доставка'!$B$13 | R30: =IFERROR(Q30/L30,0) | S30: 37000 | T30: =L30*S30 | U30: =S30+R30 | V30: =IFERROR(R30/S30,"") | X30: Склад 1А/1Б
A31: 27 | B31: 4. Прочее, по цене за килограмм | C31: Ярус 4, верх | D31: фильтр забортной воды | E31: Ду50 | F31: Фильтр забортной воды Ду 50 | I31: Комплект | K31: 1 | L31: 1 | M31: 15 | N31: =L31*M31 | O31: 0.012 | P31: =IFERROR(IF('Расходы и доставка'!$B$15="по весу",N31/'Расходы и доставка'!$B$19,IF('Расходы и доставка'!$B$15="по объему",O31/'Расходы и доставка'!$B$20,IF('Расходы и доставка'!$B$15="поровну на штуку",L31/'Расходы и доставка'!$B$21,T31/'Расходы и доставка'!$B$22))),0) | Q31: =P31*'Расходы и доставка'!$B$13 | R31: =IFERROR(Q31/L31,0) | S31: 60000 | T31: =L31*S31 | U31: =S31+R31 | V31: =IFERROR(R31/S31,"") | X31: Фойе
A32: 28 | B32: 4. Прочее, по цене за килограмм | C32: Ярус 4, верх | D32: фильтр забортной воды | E32: Ду100 | F32: Фильтр фланц.прох. забортной воды Ду100 Ру4 | G32: 427-03-109-2 | I32: Комплект | K32: 3 | L32: 3 | M32: 40 | N32: =L32*M32 | O32: 0.135 | P32: =IFERROR(IF('Расходы и доставка'!$B$15="по весу",N32/'Расходы и доставка'!$B$19,IF('Расходы и доставка'!$B$15="по объему",O32/'Расходы и доставка'!$B$20,IF('Расходы и доставка'!$B$15="поровну на штуку",L32/'Расходы и доставка'!$B$21,T32/'Расходы и доставка'!$B$22))),0) | Q32: =P32*'Расходы и доставка'!$B$13 | R32: =IFERROR(Q32/L32,0) | S32: 120000 | T32: =L32*S32 | U32: =S32+R32 | V32: =IFERROR(R32/S32,"") | X32: Склад 2
A33: 29 | B33: 4. Прочее, по цене за килограмм | C33: Ярус 4, верх | D33: фильтр забортной воды | E33: Ду100 | F33: Фильтр забортной воды Ду 100 | I33: Комплект | K33: 1 | L33: 1 | M33: 40 | N33: =L33*M33 | O33: 0.045 | P33: =IFERROR(IF('Расходы и доставка'!$B$15="по весу",N33/'Расходы и доставка'!$B$19,IF('Расходы и доставка'!$B$15="по объему",O33/'Расходы и доставка'!$B$20,IF('Расходы и доставка'!$B$15="поровну на штуку",L33/'Расходы и доставка'!$B$21,T33/'Расходы и доставка'!$B$22))),0) | Q33: =P33*'Расходы и доставка'!$B$13 | R33: =IFERROR(Q33/L33,0) | S33: 120000 | T33: =L33*S33 | U33: =S33+R33 | V33: =IFERROR(R33/S33,"") | X33: Фойе
A34: 30 | B34: 4. Прочее, по цене за килограмм | C34: Ярус 3, ящики | D34: клинкет (задвижка) | E34: Ду50 | F34: Задвижка клинкетная Ду 50, без клиньев | I34: Не комплект | K34: 1 | L34: 1 | M34: 12 | N34: =L34*M34 | O34: 0.012 | P34: =IFERROR(IF('Расходы и доставка'!$B$15="по весу",N34/'Расходы и доставка'!$B$19,IF('Расходы и доставка'!$B$15="по объему",O34/'Расходы и доставка'!$B$20,IF('Расходы и доставка'!$B$15="поровну на штуку",L34/'Расходы и доставка'!$B$21,T34/'Расходы и доставка'!$B$22))),0) | Q34: =P34*'Расходы и доставка'!$B$13 | R34: =IFERROR(Q34/L34,0) | S34: 25000 | T34: =L34*S34 | U34: =S34+R34 | V34: =IFERROR(R34/S34,"") | X34: Склад 1А/1Б
A35: 31 | B35: 4. Прочее, по цене за килограмм | C35: Ярус 3, ящики | D35: захлопка | E35: Ду50 | F35: Захлопка фланцевая вертикальная Ду50Ру63 | G35: 529-35.1400-01 | I35: Комплект | K35: 1 | L35: 1 | M35: 12 | N35: =L35*M35 | O35: 0.012 | P35: =IFERROR(IF('Расходы и доставка'!$B$15="по весу",N35/'Расходы и доставка'!$B$19,IF('Расходы и доставка'!$B$15="по объему",O35/'Расходы и доставка'!$B$20,IF('Расходы и доставка'!$B$15="поровну на штуку",L35/'Расходы и доставка'!$B$21,T35/'Расходы и доставка'!$B$22))),0) | Q35: =P35*'Расходы и доставка'!$B$13 | R35: =IFERROR(Q35/L35,0) | S35: 25000 | T35: =L35*S35 | U35: =S35+R35 | V35: =IFERROR(R35/S35,"") | X35: Склад 2
A36: 32 | B36: 4. Прочее, по цене за килограмм | C36: Ярус 3, ящики | D36: захлопка | E36: Ду50 | F36: Захлопка фланцевая горизонтальная Ду50 | G36: 529-03.011 | I36: Комплект | K36: 1 | L36: 1 | M36: 12 | N36: =L36*M36 | O36: 0.012 | P36: =IFERROR(IF('Расходы и доставка'!$B$15="по весу",N36/'Расходы и доставка'!$B$19,IF('Расходы и доставка'!$B$15="по объему",O36/'Расходы и доставка'!$B$20,IF('Расходы и доставка'!$B$15="поровну на штуку",L36/'Расходы и доставка'!$B$21,T36/'Расходы и доставка'!$B$22))),0) | Q36: =P36*'Расходы и доставка'!$B$13 | R36: =IFERROR(Q36/L36,0) | S36: 25000 | T36: =L36*S36 | U36: =S36+R36 | V36: =IFERROR(R36/S36,"") | X36: Склад 2
A37: 33 | B37: 4. Прочее, по цене за килограмм | C37: Ярус 4, верх | D37: фильтр забортной воды | E37: Ду200 | F37: Фильтр забортной воды Ду200 Большой | I37: Комплект | K37: 8 | L37: 8 | M37: 120 | N37: =L37*M37 | O37: 1.28 | P37: =IFERROR(IF('Расходы и доставка'!$B$15="по весу",N37/'Расходы и доставка'!$B$19,IF('Расходы и доставка'!$B$15="по объему",O37/'Расходы и доставка'!$B$20,IF('Расходы и доставка'!$B$15="поровну на штуку",L37/'Расходы и доставка'!$B$21,T37/'Расходы и доставка'!$B$22))),0) | Q37: =P37*'Расходы и доставка'!$B$13 | R37: =IFERROR(Q37/L37,0) | S37: 250000 | T37: =L37*S37 | U37: =S37+R37 | V37: =IFERROR(R37/S37,"") | X37: Фойе
A38: 34 | B38: 4. Прочее, по цене за килограмм | C38: Ярус 3, ящики | D38: клапан без описания — уточнить | F38: Судовая запорная арматура | I38: Комплект | K38: 2 | L38: 2 | M38: 5 | N38: =L38*M38 | O38: 0.02 | P38: =IFERROR(IF('Расходы и доставка'!$B$15="по весу",N38/'Расходы и доставка'!$B$19,IF('Расходы и доставка'!$B$15="по объему",O38/'Расходы и доставка'!$B$20,IF('Расходы и доставка'!$B$15="поровну на штуку",L38/'Расходы и доставка'!$B$21,T38/'Расходы и доставка'!$B$22))),0) | Q38: =P38*'Расходы и доставка'!$B$13 | R38: =IFERROR(Q38/L38,0) | S38: 10000 | T38: =L38*S38 | U38: =S38+R38 | V38: =IFERROR(R38/S38,"") | X38: Менеджерская
A39: 35 | B39: 4. Прочее, по цене за килограмм | C39: Ярус 4, верх | D39: фильтр забортной воды | E39: Ду150 | F39: Фильтр заборной воды ДУ 150 | I39: Комплект | K39: 5 | L39: 5 | M39: 75 | N39: =L39*M39 | O39: 0.5 | P39: =IFERROR(IF('Расходы и доставка'!$B$15="по весу",N39/'Расходы и доставка'!$B$19,IF('Расходы и доставка'!$B$15="по объему",O39/'Расходы и доставка'!$B$20,IF('Расходы и доставка'!$B$15="поровну на штуку",L39/'Расходы и доставка'!$B$21,T39/'Расходы и доставка'!$B$22))),0) | Q39: =P39*'Расходы и доставка'!$B$13 | R39: =IFERROR(Q39/L39,0) | S39: 150000 | T39: =L39*S39 | U39: =S39+R39 | V39: =IFERROR(R39/S39,"") | X39: Фойе
A40: 36 | B40: 4. Прочее, по цене за килограмм | C40: Ярус 3, ящики | D40: клапан фланцевый | E40: Ду50 | F40: Клапан фланцевый проходной невозвратный Ду 50 РУ 25 (522-01.164) | I40: Комплект | K40: 1 | L40: 1 | M40: 14 | N40: =L40*M40 | O40: 0.012 | P40: =IFERROR(IF('Расходы и доставка'!$B$15="по весу",N40/'Расходы и доставка'!$B$19,IF('Расходы и доставка'!$B$15="по объему",O40/'Расходы и доставка'!$B$20,IF('Расходы и доставка'!$B$15="поровну на штуку",L40/'Расходы и доставка'!$B$21,T40/'Расходы и доставка'!$B$22))),0) | Q40: =P40*'Расходы и доставка'!$B$13 | R40: =IFERROR(Q40/L40,0) | S40: 25000 | T40: =L40*S40 | U40: =S40+R40 | V40: =IFERROR(R40/S40,"") | X40: Склад 1А/1Б
A41: 37 | B41: 4. Прочее, по цене за килограмм | C41: Ярус 3, ящики | D41: клапан пожарный | E41: Ду50 | F41: Клапан Пожарный фланцевый угловой Ду50 Ру16 | G41: 595-03.011 | I41: Комплект | K41: 3 | L41: 3 | M41: 14 | N41: =L41*M41 | O41: 0.036 | P41: =IFERROR(IF('Расходы и доставка'!$B$15="по весу",N41/'Расходы и доставка'!$B$19,IF('Расходы и доставка'!$B$15="по объему",O41/'Расходы и доставка'!$B$20,IF('Расходы и доставка'!$B$15="поровну на штуку",L41/'Расходы и доставка'!$B$21,T41/'Расходы и доставка'!$B$22))),0) | Q41: =P41*'Расходы и доставка'!$B$13 | R41: =IFERROR(Q41/L41,0) | S41: 25000 | T41: =L41*S41 | U41: =S41+R41 | V41: =IFERROR(R41/S41,"") | X41: Менеджерская
A42: 38 | B42: 4. Прочее, по цене за килограмм | C42: Ярус 3, ящики | D42: клапан пожарный | E42: Ду50 | F42: Клапан Пожарный фланцевый угловой Ду50 Ру16 | G42: 595-03.008 | I42: Комплект | K42: 1 | L42: 1 | M42: 14 | N42: =L42*M42 | O42: 0.012 | P42: =IFERROR(IF('Расходы и доставка'!$B$15="по весу",N42/'Расходы и доставка'!$B$19,IF('Расходы и доставка'!$B$15="по объему",O42/'Расходы и доставка'!$B$20,IF('Расходы и доставка'!$B$15="поровну на штуку",L42/'Расходы и доставка'!$B$21,T42/'Расходы и доставка'!$B$22))),0) | Q42: =P42*'Расходы и доставка'!$B$13 | R42: =IFERROR(Q42/L42,0) | S42: 25000 | T42: =L42*S42 | U42: =S42+R42 | V42: =IFERROR(R42/S42,"") | X42: Менеджерская
A43: 39 | B43: 4. Прочее, по цене за килограмм | C43: Ярус 3, ящики | D43: клапан пожарный | E43: Ду50 | F43: Клапан Пожарный фланцевый угловой Ду50 Ру16 | G43: без чертежа | I43: Комплект | K43: 2 | L43: 2 | M43: 14 | N43: =L43*M43 | O43: 0.024 | P43: =IFERROR(IF('Расходы и доставка'!$B$15="по весу",N43/'Расходы и доставка'!$B$19,IF('Расходы и доставка'!$B$15="по объему",O43/'Расходы и доставка'!$B$20,IF('Расходы и доставка'!$B$15="поровну на штуку",L43/'Расходы и доставка'!$B$21,T43/'Расходы и доставка'!$B$22))),0) | Q43: =P43*'Расходы и доставка'!$B$13 | R43: =IFERROR(Q43/L43,0) | S43: 25000 | T43: =L43*S43 | U43: =S43+R43 | V43: =IFERROR(R43/S43,"") | X43: Менеджерская
A44: 40 | B44: 4. Прочее, по цене за килограмм | C44: Ярус 3, ящики | D44: клапан быстрозапорный | E44: Ду65 | F44: Клапан быстрозапор. фланц.проход.с тросиков.приводом Ду65 Ру6,3 | G44: 521-03-022 | I44: Комплект | K44: 1 | L44: 1 | M44: 20 | N44: =L44*M44 | O44: 0.02 | P44: =IFERROR(IF('Расходы и доставка'!$B$15="по весу",N44/'Расходы и доставка'!$B$19,IF('Расходы и доставка'!$B$15="по объему",O44/'Расходы и доставка'!$B$20,IF('Расходы и доставка'!$B$15="поровну на штуку",L44/'Расходы и доставка'!$B$21,T44/'Расходы и доставка'!$B$22))),0) | Q44: =P44*'Расходы и доставка'!$B$13 | R44: =IFERROR(Q44/L44,0) | S44: 35000 | T44: =L44*S44 | U44: =S44+R44 | V44: =IFERROR(R44/S44,"") | X44: Склад 2
A45: 41 | B45: 4. Прочее, по цене за килограмм | C45: Ярус 3, ящики | D45: клапан быстрозапорный | E45: Ду65 | F45: Клапан быстрозапор. фланц. проход. с тросиков. приводом Ду65Ру6,3 | G45: 521-03.022 | I45: Комплект | K45: 5 | L45: 5 | M45: 20 | N45: =L45*M45 | O45: 0.1 | P45: =IFERROR(IF('Расходы и доставка'!$B$15="по весу",N45/'Расходы и доставка'!$B$19,IF('Расходы и доставка'!$B$15="по объему",O45/'Расходы и доставка'!$B$20,IF('Расходы и доставка'!$B$15="поровну на штуку",L45/'Расходы и доставка'!$B$21,T45/'Расходы и доставка'!$B$22))),0) | Q45: =P45*'Расходы и доставка'!$B$13 | R45: =IFERROR(Q45/L45,0) | S45: 35000 | T45: =L45*S45 | U45: =S45+R45 | V45: =IFERROR(R45/S45,"") | X45: Склад 3
A46: 42 | B46: 4. Прочее, по цене за килограмм | C46: Ярус 3, ящики | D46: клапан быстрозапорный | E46: Ду70 | F46: Клапан быстрозапор. фланц.проход.с тросиков.приводом Ду70 Ру6,3 | G46: БЕЗ ЧЕРТЕЖА | I46: Комплект | K46: 3 | L46: 3 | M46: 23 | N46: =L46*M46 | O46: 0.066 | P46: =IFERROR(IF('Расходы и доставка'!$B$15="по весу",N46/'Расходы и доставка'!$B$19,IF('Расходы и доставка'!$B$15="по объему",O46/'Расходы и доставка'!$B$20,IF('Расходы и доставка'!$B$15="поровну на штуку",L46/'Расходы и доставка'!$B$21,T46/'Расходы и доставка'!$B$22))),0) | Q46: =P46*'Расходы и доставка'!$B$13 | R46: =IFERROR(Q46/L46,0) | S46: 40000 | T46: =L46*S46 | U46: =S46+R46 | V46: =IFERROR(R46/S46,"") | X46: Склад 2
A47: 43 | B47: 4. Прочее, по цене за килограмм | C47: Ярус 3, ящики | D47: клапан быстрозапорный | E47: Ду80 | F47: Клапан быстрозапор. фланц.проход.с тросиков.приводом Ду80 Ру6,3 | G47: 521-03.023 | I47: Комплект | K47: 2 | L47: 2 | M47: 28 | N47: =L47*M47 | O47: 0.06 | P47: =IFERROR(IF('Расходы и доставка'!$B$15="по весу",N47/'Расходы и доставка'!$B$19,IF('Расходы и доставка'!$B$15="по объему",O47/'Расходы и доставка'!$B$20,IF('Расходы и доставка'!$B$15="поровну на штуку",L47/'Расходы и доставка'!$B$21,T47/'Расходы и доставка'!$B$22))),0) | Q47: =P47*'Расходы и доставка'!$B$13 | R47: =IFERROR(Q47/L47,0) | S47: 45000 | T47: =L47*S47 | U47: =S47+R47 | V47: =IFERROR(R47/S47,"") | X47: Склад 2
A48: 44 | B48: 4. Прочее, по цене за килограмм | C48: Ярус 3, ящики | D48: клапан фланцевый | E48: Ду50 | F48: Клапан фланцевый проходной Ду50 | I48: Комплект | K48: 66 | L48: 66 | M48: 14 | N48: =L48*M48 | O48: 0.792 | P48: =IFERROR(IF('Расходы и доставка'!$B$15="по весу",N48/'Расходы и доставка'!$B$19,IF('Расходы и доставка'!$B$15="по объему",O48/'Расходы и доставка'!$B$20,IF('Расходы и доставка'!$B$15="поровну на штуку",L48/'Расходы и доставка'!$B$21,T48/'Расходы и доставка'!$B$22))),0) | Q48: =P48*'Расходы и доставка'!$B$13 | R48: =IFERROR(Q48/L48,0) | S48: 22500 | T48: =L48*S48 | U48: =S48+R48 | V48: =IFERROR(R48/S48,"") | X48: Склад 3
A49: 45 | B49: 4. Прочее, по цене за килограмм | C49: Ярус 3, ящики | D49: клапан фланцевый | E49: Ду50 | F49: Клапан фланцевый проходной Ду50 Ру25 | G49: 521-01.128 | I49: Комплект | K49: 5 | L49: 5 | M49: 14 | N49: =L49*M49 | O49: 0.06 | P49: =IFERROR(IF('Расходы и доставка'!$B$15="по весу",N49/'Расходы и доставка'!$B$19,IF('Расходы и доставка'!$B$15="по объему",O49/'Расходы и доставка'!$B$20,IF('Расходы и доставка'!$B$15="поровну на штуку",L49/'Расходы и доставка'!$B$21,T49/'Расходы и доставка'!$B$22))),0) | Q49: =P49*'Расходы и доставка'!$B$13 | R49: =IFERROR(Q49/L49,0) | S49: 22500 | T49: =L49*S49 | U49: =S49+R49 | V49: =IFERROR(R49/S49,"") | X49: Склад 3
A50: 46 | B50: 4. Прочее, по цене за килограмм | C50: Ярус 3, ящики | D50: клапан пожарный | E50: Ду50 | F50: Клапан Пожарный фланцевый проходной Ду50 Ру16 | G50: 595-01.002 | I50: Комплект | K50: 2 | L50: 2 | M50: 14 | N50: =L50*M50 | O50: 0.024 | P50: =IFERROR(IF('Расходы и доставка'!$B$15="по весу",N50/'Расходы и доставка'!$B$19,IF('Расходы и доставка'!$B$15="по объему",O50/'Расходы и доставка'!$B$20,IF('Расходы и доставка'!$B$15="поровну на штуку",L50/'Расходы и доставка'!$B$21,T50/'Расходы и доставка'!$B$22))),0) | Q50: =P50*'Расходы и доставка'!$B$13 | R50: =IFERROR(Q50/L50,0) | S50: 22500 | T50: =L50*S50 | U50: =S50+R50 | V50: =IFERROR(R50/S50,"") | X50: Менеджерская
A51: 47 | B51: 4. Прочее, по цене за килограмм | C51: Ярус 3, ящики | D51: захлопка | E51: Ду50 | F51: Захлопка Ду50Ру6 - БРАК | I51: Брак | K51: 3 | L51: 3 | M51: 12 | N51: =L51*M51 | O51: 0.036 | P51: =IFERROR(IF('Расходы и доставка'!$B$15="по весу",N51/'Расходы и доставка'!$B$19,IF('Расходы и доставка'!$B$15="по объему",O51/'Расходы и доставка'!$B$20,IF('Расходы и доставка'!$B$15="поровну на штуку",L51/'Расходы и доставка'!$B$21,T51/'Расходы и доставка'!$B$22))),0) | Q51: =P51*'Расходы и доставка'!$B$13 | R51: =IFERROR(Q51/L51,0) | S51: 17500 | T51: =L51*S51 | U51: =S51+R51 | V51: =IFERROR(R51/S51,"") | X51: Склад 1А/1Б
A52: 48 | B52: 4. Прочее, по цене за килограмм | C52: Ярус 3, ящики | D52: клапан фланцевый | E52: Ду50 | F52: Клапан фланцевый проходной Ду50 Ру 10 + ДУ 50 Ру 25 | I52: Комплект | K52: 98 | L52: 98 | M52: 14 | N52: =L52*M52 | O52: 1.176 | P52: =IFERROR(IF('Расходы и доставка'!$B$15="по весу",N52/'Расходы и доставка'!$B$19,IF('Расходы и доставка'!$B$15="по объему",O52/'Расходы и доставка'!$B$20,IF('Расходы и доставка'!$B$15="поровну на штуку",L52/'Расходы и доставка'!$B$21,T52/'Расходы и доставка'!$B$22))),0) | Q52: =P52*'Расходы и доставка'!$B$13 | R52: =IFERROR(Q52/L52,0) | S52: 20000 | T52: =L52*S52 | U52: =S52+R52 | V52: =IFERROR(R52/S52,"") | X52: Склад 1А/1Б
A53: 49 | B53: 4. Прочее, по цене за килограмм | C53: Ярус 3, ящики | D53: клапан фланцевый | E53: Ду65 | F53: Клапан фланцевый проходной Ду65 | I53: Комплект | K53: 25 | L53: 25 | M53: 20 | N53: =L53*M53 | O53: 0.5 | P53: =IFERROR(IF('Расходы и доставка'!$B$15="по весу",N53/'Расходы и доставка'!$B$19,IF('Расходы и доставка'!$B$15="по объему",O53/'Расходы и доставка'!$B$20,IF('Расходы и доставка'!$B$15="поровну на штуку",L53/'Расходы и доставка'!$B$21,T53/'Расходы и доставка'!$B$22))),0) | Q53: =P53*'Расходы и доставка'!$B$13 | R53: =IFERROR(Q53/L53,0) | S53: 27000 | T53: =L53*S53 | U53: =S53+R53 | V53: =IFERROR(R53/S53,"") | X53: Склад 3
A54: 50 | B54: 4. Прочее, по цене за килограмм | C54: Ярус 3, ящики | D54: клапан фланцевый | E54: Ду65 | F54: Клапан фланцевый проходной Ду65 Ру10 | G54: 521-03.488 | I54: Комплект | K54: 1 | L54: 1 | M54: 20 | N54: =L54*M54 | O54: 0.02 | P54: =IFERROR(IF('Расходы и доставка'!$B$15="по весу",N54/'Расходы и доставка'!$B$19,IF('Расходы и доставка'!$B$15="по объему",O54/'Расходы и доставка'!$B$20,IF('Расходы и доставка'!$B$15="поровну на штуку",L54/'Расходы и доставка'!$B$21,T54/'Расходы и доставка'!$B$22))),0) | Q54: =P54*'Расходы и доставка'!$B$13 | R54: =IFERROR(Q54/L54,0) | S54: 27000 | T54: =L54*S54 | U54: =S54+R54 | V54: =IFERROR(R54/S54,"") | X54: Склад 3
A55: 51 | B55: 4. Прочее, по цене за килограмм | C55: Ярус 3, ящики | D55: клапан фланцевый | E55: Ду70 | F55: Клапан фланцевый проходной Ду70 Ру10 | G55: 521-01.184 | I55: Комплект | K55: 5 | L55: 5 | M55: 23 | N55: =L55*M55 | O55: 0.11 | P55: =IFERROR(IF('Расходы и доставка'!$B$15="по весу",N55/'Расходы и доставка'!$B$19,IF('Расходы и доставка'!$B$15="по объему",O55/'Расходы и доставка'!$B$20,IF('Расходы и доставка'!$B$15="поровну на штуку",L55/'Расходы и доставка'!$B$21,T55/'Расходы и доставка'!$B$22))),0) | Q55: =P55*'Расходы и доставка'!$B$13 | R55: =IFERROR(Q55/L55,0) | S55: 30000 | T55: =L55*S55 | U55: =S55+R55 | V55: =IFERROR(R55/S55,"") | X55: Склад 3
A56: 52 | B56: 4. Прочее, по цене за килограмм | C56: Ярус 3, ящики | D56: клапан фланцевый | E56: Ду70 | F56: Клапан фланцевый проходной Ду70 Ру10 | G56: 522-01.226 | I56: Комплект | K56: 2 | L56: 2 | M56: 23 | N56: =L56*M56 | O56: 0.044 | P56: =IFERROR(IF('Расходы и доставка'!$B$15="по весу",N56/'Расходы и доставка'!$B$19,IF('Расходы и доставка'!$B$15="по объему",O56/'Расходы и доставка'!$B$20,IF('Расходы и доставка'!$B$15="поровну на штуку",L56/'Расходы и доставка'!$B$21,T56/'Расходы и доставка'!$B$22))),0) | Q56: =P56*'Расходы и доставка'!$B$13 | R56: =IFERROR(Q56/L56,0) | S56: 30000 | T56: =L56*S56 | U56: =S56+R56 | V56: =IFERROR(R56/S56,"") | X56: Склад 3
A57: 53 | B57: 4. Прочее, по цене за килограмм | C57: Ярус 3, ящики | D57: клапан фланцевый | E57: Ду50 | F57: Клапан проходной фланцевый Ду50 - БРАК | I57: Брак | K57: 8 | L57: 8 | M57: 14 | N57: =L57*M57 | O57: 0.096 | P57: =IFERROR(IF('Расходы и доставка'!$B$15="по весу",N57/'Расходы и доставка'!$B$19,IF('Расходы и доставка'!$B$15="по объему",O57/'Расходы и доставка'!$B$20,IF('Расходы и доставка'!$B$15="поровну на штуку",L57/'Расходы и доставка'!$B$21,T57/'Расходы и доставка'!$B$22))),0) | Q57: =P57*'Расходы и доставка'!$B$13 | R57: =IFERROR(Q57/L57,0) | S57: 18000 | T57: =L57*S57 | U57: =S57+R57 | V57: =IFERROR(R57/S57,"") | X57: Склад 1А/1Б
A58: 54 | B58: 4. Прочее, по цене за килограмм | C58: Ярус 3, ящики | D58: клапан фланцевый | E58: Ду80 | F58: Клапан фланцевый проходной Ду80 | I58: Комплект | K58: 6 | L58: 6 | M58: 28 | N58: =L58*M58 | O58: 0.18 | P58: =IFERROR(IF('Расходы и доставка'!$B$15="по весу",N58/'Расходы и доставка'!$B$19,IF('Расходы и доставка'!$B$15="по объему",O58/'Расходы и доставка'!$B$20,IF('Расходы и доставка'!$B$15="поровну на штуку",L58/'Расходы и доставка'!$B$21,T58/'Расходы и доставка'!$B$22))),0) | Q58: =P58*'Расходы и доставка'!$B$13 | R58: =IFERROR(Q58/L58,0) | S58: 36000 | T58: =L58*S58 | U58: =S58+R58 | V58: =IFERROR(R58/S58,"") | X58: Склад 3
A59: 55 | B59: 4. Прочее, по цене за килограмм | C59: Ярус 3, ящики | D59: клинкет (задвижка) | F59: Электропривод к задвижке | I59: Комплект | K59: 1 | L59: 1 | M59: 40 | N59: =L59*M59 | O59: 0.01 | P59: =IFERROR(IF('Расходы и доставка'!$B$15="по весу",N59/'Расходы и доставка'!$B$19,IF('Расходы и доставка'!$B$15="по объему",O59/'Расходы и доставка'!$B$20,IF('Расходы и доставка'!$B$15="поровну на штуку",L59/'Расходы и доставка'!$B$21,T59/'Расходы и доставка'!$B$22))),0) | Q59: =P59*'Расходы и доставка'!$B$13 | R59: =IFERROR(Q59/L59,0) | S59: 50000 | T59: =L59*S59 | U59: =S59+R59 | V59: =IFERROR(R59/S59,"") | X59: Гараж 2
A60: 56 | B60: 4. Прочее, по цене за килограмм | C60: Ярус 4, верх | D60: фильтр забортной воды | E60: Ду100 | F60: Сетка на фильтр Ду100 или Ду80 | I60: Комплект | K60: 2 | L60: 2 | M60: 8 | N60: =L60*M60 | O60: 0.09 | P60: =IFERROR(IF('Расходы и доставка'!$B$15="по весу",N60/'Расходы и доставка'!$B$19,IF('Расходы и доставка'!$B$15="по объему",O60/'Расходы и доставка'!$B$20,IF('Расходы и доставка'!$B$15="поровну на штуку",L60/'Расходы и доставка'!$B$21,T60/'Расходы и доставка'!$B$22))),0) | Q60: =P60*'Расходы и доставка'!$B$13 | R60: =IFERROR(Q60/L60,0) | S60: 10000 | T60: =L60*S60 | U60: =S60+R60 | V60: =IFERROR(R60/S60,"") | X60: Склад 2
A61: 57 | B61: 4. Прочее, по цене за килограмм | C61: Ярус 4, верх | D61: фильтр забортной воды | E61: Ду100 | F61: Сетка на фильтр Ду100 (медь) на кингстон РС-300 | I61: Комплект | K61: 2 | L61: 2 | M61: 8 | N61: =L61*M61 | O61: 0.09 | P61: =IFERROR(IF('Расходы и доставка'!$B$15="по весу",N61/'Расходы и доставка'!$B$19,IF('Расходы и доставка'!$B$15="по объему",O61/'Расходы и доставка'!$B$20,IF('Расходы и доставка'!$B$15="поровну на штуку",L61/'Расходы и доставка'!$B$21,T61/'Расходы и доставка'!$B$22))),0) | Q61: =P61*'Расходы и доставка'!$B$13 | R61: =IFERROR(Q61/L61,0) | S61: 10000 | T61: =L61*S61 | U61: =S61+R61 | V61: =IFERROR(R61/S61,"") | X61: Склад 2
A62: 58 | B62: 4. Прочее, по цене за килограмм | C62: Ярус 2, рядом на полу | D62: клапан фланцевый | E62: Ду200 | F62: Клапан фланцевый проходной Ду200 | I62: Комплект | K62: 3 | L62: 3 | M62: 130 | N62: =L62*M62 | O62: 0.48 | P62: =IFERROR(IF('Расходы и доставка'!$B$15="по весу",N62/'Расходы и доставка'!$B$19,IF('Расходы и доставка'!$B$15="по объему",O62/'Расходы и доставка'!$B$20,IF('Расходы и доставка'!$B$15="поровну на штуку",L62/'Расходы и доставка'!$B$21,T62/'Расходы и доставка'!$B$22))),0) | Q62: =P62*'Расходы и доставка'!$B$13 | R62: =IFERROR(Q62/L62,0) | S62: 150000 | T62: =L62*S62 | U62: =S62+R62 | V62: =IFERROR(R62/S62,"") | X62: Склад 1А/1Б
A63: 59 | B63: 4. Прочее, по цене за килограмм | C63: Ярус 3, ящики | D63: клапан фланцевый | E63: Ду80 | F63: Клапан фланцевый проходной Ду 80 Ру 10, 521 -35.3451 | I63: Комплект | K63: 1 | L63: 1 | M63: 28 | N63: =L63*M63 | O63: 0.03 | P63: =IFERROR(IF('Расходы и доставка'!$B$15="по весу",N63/'Расходы и доставка'!$B$19,IF('Расходы и доставка'!$B$15="по объему",O63/'Расходы и доставка'!$B$20,IF('Расходы и доставка'!$B$15="поровну на штуку",L63/'Расходы и доставка'!$B$21,T63/'Расходы и доставка'!$B$22))),0) | Q63: =P63*'Расходы и доставка'!$B$13 | R63: =IFERROR(Q63/L63,0) | S63: 32000 | T63: =L63*S63 | U63: =S63+R63 | V63: =IFERROR(R63/S63,"") | X63: Склад 1А/1Б
A64: 60 | B64: 4. Прочее, по цене за килограмм | C64: Ярус 2, рядом на полу | D64: захлопка | E64: Ду100 | F64: Захлопка фланцевая проходная Ду100Ру6,3 | G64: 529-35.1406-01 | I64: Комплект | K64: 1 | L64: 1 | M64: 35 | N64: =L64*M64 | O64: 0.045 | P64: =IFERROR(IF('Расходы и доставка'!$B$15="по весу",N64/'Расходы и доставка'!$B$19,IF('Расходы и доставка'!$B$15="по объему",O64/'Расходы и доставка'!$B$20,IF('Расходы и доставка'!$B$15="поровну на штуку",L64/'Расходы и доставка'!$B$21,T64/'Расходы и доставка'!$B$22))),0) | Q64: =P64*'Расходы и доставка'!$B$13 | R64: =IFERROR(Q64/L64,0) | S64: 40000 | T64: =L64*S64 | U64: =S64+R64 | V64: =IFERROR(R64/S64,"") | X64: Склад 2
A65: 61 | B65: 4. Прочее, по цене за килограмм | C65: Ярус 2, рядом на полу | D65: захлопка | E65: Ду100 | F65: Захлопка фланцевая горизон. Ду100 Ру10 | G65: 529-03.074 | I65: Комплект | K65: 3 | L65: 3 | M65: 35 | N65: =L65*M65 | O65: 0.135 | P65: =IFERROR(IF('Расходы и доставка'!$B$15="по весу",N65/'Расходы и доставка'!$B$19,IF('Расходы и доставка'!$B$15="по объему",O65/'Расходы и доставка'!$B$20,IF('Расходы и доставка'!$B$15="поровну на штуку",L65/'Расходы и доставка'!$B$21,T65/'Расходы и доставка'!$B$22))),0) | Q65: =P65*'Расходы и доставка'!$B$13 | R65: =IFERROR(Q65/L65,0) | S65: 40000 | T65: =L65*S65 | U65: =S65+R65 | V65: =IFERROR(R65/S65,"") | X65: Склад 2
A66: 62 | B66: 4. Прочее, по цене за килограмм | C66: Ярус 2, рядом на полу | D66: захлопка | E66: Ду100 | F66: Захлопка фланцевая вертикальная Ду100 | G66: 529-03.003 | I66: Комплект | K66: 1 | L66: 1 | M66: 35 | N66: =L66*M66 | O66: 0.045 | P66: =IFERROR(IF('Расходы и доставка'!$B$15="по весу",N66/'Расходы и доставка'!$B$19,IF('Расходы и доставка'!$B$15="по объему",O66/'Расходы и доставка'!$B$20,IF('Расходы и доставка'!$B$15="поровну на штуку",L66/'Расходы и доставка'!$B$21,T66/'Расходы и доставка'!$B$22))),0) | Q66: =P66*'Расходы и доставка'!$B$13 | R66: =IFERROR(Q66/L66,0) | S66: 40000 | T66: =L66*S66 | U66: =S66+R66 | V66: =IFERROR(R66/S66,"") | X66: Склад 2
A67: 63 | B67: 4. Прочее, по цене за килограмм | C67: Ярус 2, рядом на полу | D67: захлопка | E67: Ду100 | F67: Захлопка фланцевая угловая Ду100Ру10 | G67: 529-35-1405-01 | I67: Комплект | K67: 1 | L67: 1 | M67: 35 | N67: =L67*M67 | O67: 0.045 | P67: =IFERROR(IF('Расходы и доставка'!$B$15="по весу",N67/'Расходы и доставка'!$B$19,IF('Расходы и доставка'!$B$15="по объему",O67/'Расходы и доставка'!$B$20,IF('Расходы и доставка'!$B$15="поровну на штуку",L67/'Расходы и доставка'!$B$21,T67/'Расходы и доставка'!$B$22))),0) | Q67: =P67*'Расходы и доставка'!$B$13 | R67: =IFERROR(Q67/L67,0) | S67: 40000 | T67: =L67*S67 | U67: =S67+R67 | V67: =IFERROR(R67/S67,"") | X67: Склад 2
A68: 64 | B68: 4. Прочее, по цене за килограмм | C68: Ярус 3, ящики | D68: клинкет (задвижка) | E68: Ду60 | F68: Задвижка клинкетная Ду60 | I68: Комплект | K68: 1 | L68: 1 | M68: 16 | N68: =L68*M68 | O68: 0.02 | P68: =IFERROR(IF('Расходы и доставка'!$B$15="по весу",N68/'Расходы и доставка'!$B$19,IF('Расходы и доставка'!$B$15="по объему",O68/'Расходы и доставка'!$B$20,IF('Расходы и доставка'!$B$15="поровну на штуку",L68/'Расходы и доставка'!$B$21,T68/'Расходы и доставка'!$B$22))),0) | Q68: =P68*'Расходы и доставка'!$B$13 | R68: =IFERROR(Q68/L68,0) | S68: 18000 | T68: =L68*S68 | U68: =S68+R68 | V68: =IFERROR(R68/S68,"") | X68: Склад 1А/1Б
A69: 65 | B69: 4. Прочее, по цене за килограмм | C69: Ярус 1, на настил | D69: клинкет (задвижка) | E69: Ду200 | F69: Клинкет Ду 200 | I69: Комплект | K69: 11 | L69: 11 | M69: 140 | N69: =L69*M69 | O69: 1.76 | P69: =IFERROR(IF('Расходы и доставка'!$B$15="по весу",N69/'Расходы и доставка'!$B$19,IF('Расходы и доставка'!$B$15="по объему",O69/'Расходы и доставка'!$B$20,IF('Расходы и доставка'!$B$15="поровну на штуку",L69/'Расходы и доставка'!$B$21,T69/'Расходы и доставка'!$B$22))),0) | Q69: =P69*'Расходы и доставка'!$B$13 | R69: =IFERROR(Q69/L69,0) | S69: 150000 | T69: =L69*S69 | U69: =S69+R69 | V69: =IFERROR(R69/S69,"") | X69: Фойе
A70: 66 | B70: 4. Прочее, по цене за килограмм | C70: Ярус 2, рядом на полу | D70: клапан фланцевый | E70: Ду150 | F70: Клапан фланцевый проходной Ду150 | I70: Комплект | K70: 2 | L70: 2 | M70: 75 | N70: =L70*M70 | O70: 0.2 | P70: =IFERROR(IF('Расходы и доставка'!$B$15="по весу",N70/'Расходы и доставка'!$B$19,IF('Расходы и доставка'!$B$15="по объему",O70/'Расходы и доставка'!$B$20,IF('Расходы и доставка'!$B$15="поровну на штуку",L70/'Расходы и доставка'!$B$21,T70/'Расходы и доставка'!$B$22))),0) | Q70: =P70*'Расходы и доставка'!$B$13 | R70: =IFERROR(Q70/L70,0) | S70: 80000 | T70: =L70*S70 | U70: =S70+R70 | V70: =IFERROR(R70/S70,"") | X70: Склад 3
A71: 67 | B71: 4. Прочее, по цене за килограмм | C71: Ярус 2, рядом на полу | D71: клапан фланцевый | E71: Ду100 | F71: Клапан фланцевый проходной Ду100 Ру10 | I71: Комплект | K71: 5 | L71: 5 | M71: 40 | N71: =L71*M71 | O71: 0.225 | P71: =IFERROR(IF('Расходы и доставка'!$B$15="по весу",N71/'Расходы и доставка'!$B$19,IF('Расходы и доставка'!$B$15="по объему",O71/'Расходы и доставка'!$B$20,IF('Расходы и доставка'!$B$15="поровну на штуку",L71/'Расходы и доставка'!$B$21,T71/'Расходы и доставка'!$B$22))),0) | Q71: =P71*'Расходы и доставка'!$B$13 | R71: =IFERROR(Q71/L71,0) | S71: 42000 | T71: =L71*S71 | U71: =S71+R71 | V71: =IFERROR(R71/S71,"") | X71: Склад 3
A72: 68 | B72: 4. Прочее, по цене за килограмм | C72: Ярус 2, рядом на полу | D72: клапан фланцевый | E72: Ду200 | F72: Клапан фланцевый проходной Ду200 Ру6 | G72: 522-03.184 | I72: Комплект | K72: 1 | L72: 1 | M72: 130 | N72: =L72*M72 | O72: 0.16 | P72: =IFERROR(IF('Расходы и доставка'!$B$15="по весу",N72/'Расходы и доставка'!$B$19,IF('Расходы и доставка'!$B$15="по объему",O72/'Расходы и доставка'!$B$20,IF('Расходы и доставка'!$B$15="поровну на штуку",L72/'Расходы и доставка'!$B$21,T72/'Расходы и доставка'!$B$22))),0) | Q72: =P72*'Расходы и доставка'!$B$13 | R72: =IFERROR(Q72/L72,0) | S72: 120000 | T72: =L72*S72 | U72: =S72+R72 | V72: =IFERROR(R72/S72,"") | X72: Склад 3
A73: 69 | B73: 4. Прочее, по цене за килограмм | C73: Ярус 3, ящики | D73: кингстон | E73: Ду80 | F73: Кингстон донный фланцевый Ду80 Ру2,5 | G73: 527-03.055 | I73: Комплект | K73: 2 | L73: 2 | M73: 35 | N73: =L73*M73 | O73: 0.06 | P73: =IFERROR(IF('Расходы и доставка'!$B$15="по весу",N73/'Расходы и доставка'!$B$19,IF('Расходы и доставка'!$B$15="по объему",O73/'Расходы и доставка'!$B$20,IF('Расходы и доставка'!$B$15="поровну на штуку",L73/'Расходы и доставка'!$B$21,T73/'Расходы и доставка'!$B$22))),0) | Q73: =P73*'Расходы и доставка'!$B$13 | R73: =IFERROR(Q73/L73,0) | S73: 32000 | T73: =L73*S73 | U73: =S73+R73 | V73: =IFERROR(R73/S73,"") | X73: Склад 3
A74: 70 | B74: 4. Прочее, по цене за килограмм | C74: Ярус 3, ящики | D74: клапан фланцевый | E74: Ду65 | F74: Клапан проходной фланцевый Ду65 КОРПУС - БРАК | I74: Брак | K74: 1 | L74: 1 | M74: 20 | N74: =L74*M74 | O74: 0.02 | P74: =IFERROR(IF('Расходы и доставка'!$B$15="по весу",N74/'Расходы и доставка'!$B$19,IF('Расходы и доставка'!$B$15="по объему",O74/'Расходы и доставка'!$B$20,IF('Расходы и доставка'!$B$15="поровну на штуку",L74/'Расходы и доставка'!$B$21,T74/'Расходы и доставка'!$B$22))),0) | Q74: =P74*'Расходы и доставка'!$B$13 | R74: =IFERROR(Q74/L74,0) | S74: 18000 | T74: =L74*S74 | U74: =S74+R74 | V74: =IFERROR(R74/S74,"") | X74: Склад 1А/1Б
A75: 71 | B75: 4. Прочее, по цене за килограмм | C75: Ярус 3, ящики | D75: кингстон | E75: Ду50 | F75: Кингстон донный фланцевый Ду50 Ру2,5 | G75: без чертежа | I75: Комплект | K75: 1 | L75: 1 | M75: 20 | N75: =L75*M75 | O75: 0.012 | P75: =IFERROR(IF('Расходы и доставка'!$B$15="по весу",N75/'Расходы и доставка'!$B$19,IF('Расходы и доставка'!$B$15="по объему",O75/'Расходы и доставка'!$B$20,IF('Расходы и доставка'!$B$15="поровну на штуку",L75/'Расходы и доставка'!$B$21,T75/'Расходы и доставка'!$B$22))),0) | Q75: =P75*'Расходы и доставка'!$B$13 | R75: =IFERROR(Q75/L75,0) | S75: 17500 | T75: =L75*S75 | U75: =S75+R75 | V75: =IFERROR(R75/S75,"") | X75: Склад 3
A76: 72 | B76: 4. Прочее, по цене за килограмм | C76: Ярус 3, ящики | D76: кингстон | E76: Ду50 | F76: Кингстон донный фланцевый Ду50 Ру2,5 | G76: 527-03.054 | I76: Комплект | K76: 1 | L76: 1 | M76: 20 | N76: =L76*M76 | O76: 0.012 | P76: =IFERROR(IF('Расходы и доставка'!$B$15="по весу",N76/'Расходы и доставка'!$B$19,IF('Расходы и доставка'!$B$15="по объему",O76/'Расходы и доставка'!$B$20,IF('Расходы и доставка'!$B$15="поровну на штуку",L76/'Расходы и доставка'!$B$21,T76/'Расходы и доставка'!$B$22))),0) | Q76: =P76*'Расходы и доставка'!$B$13 | R76: =IFERROR(Q76/L76,0) | S76: 17500 | T76: =L76*S76 | U76: =S76+R76 | V76: =IFERROR(R76/S76,"") | X76: Склад 3
A77: 73 | B77: 4. Прочее, по цене за килограмм | C77: Ярус 3, ящики | D77: клинкет (задвижка) | E77: Ду80 | F77: Задвижка клинкетная Ду80 ( в разборе) | I77: Не комплект | K77: 2 | L77: 2 | M77: 28 | N77: =L77*M77 | O77: 0.06 | P77: =IFERROR(IF('Расходы и доставка'!$B$15="по весу",N77/'Расходы и доставка'!$B$19,IF('Расходы и доставка'!$B$15="по объему",O77/'Расходы и доставка'!$B$20,IF('Расходы и доставка'!$B$15="поровну на штуку",L77/'Расходы и доставка'!$B$21,T77/'Расходы и доставка'!$B$22))),0) | Q77: =P77*'Расходы и доставка'!$B$13 | R77: =IFERROR(Q77/L77,0) | S77: 24000 | T77: =L77*S77 | U77: =S77+R77 | V77: =IFERROR(R77/S77,"") | X77: Склад 1А/1Б
A78: 74 | B78: 4. Прочее, по цене за килограмм | C78: Ярус 2, рядом на полу | D78: клапан фланцевый | E78: Ду100 | F78: Клапана невозвратный проходной фланцевый Ду100 Ру10 (522-03.205) | I78: Комплект | K78: 5 | L78: 5 | M78: 40 | N78: =L78*M78 | O78: 0.225 | P78: =IFERROR(IF('Расходы и доставка'!$B$15="по весу",N78/'Расходы и доставка'!$B$19,IF('Расходы и доставка'!$B$15="по объему",O78/'Расходы и доставка'!$B$20,IF('Расходы и доставка'!$B$15="поровну на штуку",L78/'Расходы и доставка'!$B$21,T78/'Расходы и доставка'!$B$22))),0) | Q78: =P78*'Расходы и доставка'!$B$13 | R78: =IFERROR(Q78/L78,0) | S78: 34000 | T78: =L78*S78 | U78: =S78+R78 | V78: =IFERROR(R78/S78,"") | X78: Склад 1А/1Б
A79: 75 | B79: 4. Прочее, по цене за килограмм | C79: Ярус 2, рядом на полу | D79: клапан фланцевый | E79: Ду125 | F79: Клапан фланцевый проходной Ду125 | I79: Комплект | K79: 6 | L79: 6 | M79: 55 | N79: =L79*M79 | O79: 0.42 | P79: =IFERROR(IF('Расходы и доставка'!$B$15="по весу",N79/'Расходы и доставка'!$B$19,IF('Расходы и доставка'!$B$15="по объему",O79/'Расходы и доставка'!$B$20,IF('Расходы и доставка'!$B$15="поровну на штуку",L79/'Расходы и доставка'!$B$21,T79/'Расходы и доставка'!$B$22))),0) | Q79: =P79*'Расходы и доставка'!$B$13 | R79: =IFERROR(Q79/L79,0) | S79: 46000 | T79: =L79*S79 | U79: =S79+R79 | V79: =IFERROR(R79/S79,"") | X79: Склад 3
A80: 76 | B80: 4. Прочее, по цене за килограмм | C80: Ярус 2, рядом на полу | D80: клапан фланцевый | E80: Ду125 | F80: Клапан фланцевый проходной Ду125 Ру10 | I80: Комплект | K80: 3 | L80: 3 | M80: 55 | N80: =L80*M80 | O80: 0.21 | P80: =IFERROR(IF('Расходы и доставка'!$B$15="по весу",N80/'Расходы и доставка'!$B$19,IF('Расходы и доставка'!$B$15="по объему",O80/'Расходы и доставка'!$B$20,IF('Расходы и доставка'!$B$15="поровну на штуку",L80/'Расходы и доставка'!$B$21,T80/'Расходы и доставка'!$B$22))),0) | Q80: =P80*'Расходы и доставка'!$B$13 | R80: =IFERROR(Q80/L80,0) | S80: 46000 | T80: =L80*S80 | U80: =S80+R80 | V80: =IFERROR(R80/S80,"") | X80: Склад 3
A81: 77 | B81: 4. Прочее, по цене за килограмм | C81: Ярус 3, ящики | D81: клинкет (задвижка) | E81: Ду100 | F81: Задвижка клинкетная Ду100 без штока и блинов ( в разборе) | H81: Новое | I81: Не комплект | K81: 1 | L81: 1 | M81: 45 | N81: =L81*M81 | O81: 0.045 | P81: =IFERROR(IF('Расходы и доставка'!$B$15="по весу",N81/'Расходы и доставка'!$B$19,IF('Расходы и доставка'!$B$15="по объему",O81/'Расходы и доставка'!$B$20,IF('Расходы и доставка'!$B$15="поровну на штуку",L81/'Расходы и доставка'!$B$21,T81/'Расходы и доставка'!$B$22))),0) | Q81: =P81*'Расходы и доставка'!$B$13 | R81: =IFERROR(Q81/L81,0) | S81: 35000 | T81: =L81*S81 | U81: =S81+R81 | V81: =IFERROR(R81/S81,"") | X81: Склад 1А/1Б
A82: 78 | B82: 4. Прочее, по цене за килограмм | C82: Ярус 2, рядом на полу | D82: клапан фланцевый | E82: Ду125 | F82: Клапан фланцевый проходной Ду125 ок.входа | G82: 521-35.3455-02 | I82: Комплект | K82: 2 | L82: 2 | M82: 55 | N82: =L82*M82 | O82: 0.14 | P82: =IFERROR(IF('Расходы и доставка'!$B$15="по весу",N82/'Расходы и доставка'!$B$19,IF('Расходы и доставка'!$B$15="по объему",O82/'Расходы и доставка'!$B$20,IF('Расходы и доставка'!$B$15="поровну на штуку",L82/'Расходы и доставка'!$B$21,T82/'Расходы и доставка'!$B$22))),0) | Q82: =P82*'Расходы и доставка'!$B$13 | R82: =IFERROR(Q82/L82,0) | S82: 37500 | T82: =L82*S82 | U82: =S82+R82 | V82: =IFERROR(R82/S82,"") | X82: Склад 2
A83: 79 | B83: 4. Прочее, по цене за килограмм | C83: Ярус 2, рядом на полу | D83: клапан фланцевый | E83: Ду125 | F83: Клапан фланцевый проходной Ду 125 (без чертежа) | I83: Не комплект | K83: 1 | L83: 1 | M83: 55 | N83: =L83*M83 | O83: 0.07 | P83: =IFERROR(IF('Расходы и доставка'!$B$15="по весу",N83/'Расходы и доставка'!$B$19,IF('Расходы и доставка'!$B$15="по объему",O83/'Расходы и доставка'!$B$20,IF('Расходы и доставка'!$B$15="поровну на штуку",L83/'Расходы и доставка'!$B$21,T83/'Расходы и доставка'!$B$22))),0) | Q83: =P83*'Расходы и доставка'!$B$13 | R83: =IFERROR(Q83/L83,0) | S83: 30000 | T83: =L83*S83 | U83: =S83+R83 | V83: =IFERROR(R83/S83,"") | X83: Склад 1А/1Б
A84: 80 | B84: 4. Прочее, по цене за килограмм | C84: Ярус 3, ящики | D84: клапан фланцевый | E84: Ду50 | F84: Клапан невозвратно-приемный фланцевый Ду 50 Ру1 (522-35.4043-01) | I84: Комплект | K84: 6 | L84: 6 | M84: 14 | N84: =L84*M84 | O84: 0.072 | P84: =IFERROR(IF('Расходы и доставка'!$B$15="по весу",N84/'Расходы и доставка'!$B$19,IF('Расходы и доставка'!$B$15="по объему",O84/'Расходы и доставка'!$B$20,IF('Расходы и доставка'!$B$15="поровну на штуку",L84/'Расходы и доставка'!$B$21,T84/'Расходы и доставка'!$B$22))),0) | Q84: =P84*'Расходы и доставка'!$B$13 | R84: =IFERROR(Q84/L84,0) | S84: 7500 | T84: =L84*S84 | U84: =S84+R84 | V84: =IFERROR(R84/S84,"") | X84: Склад 1А/1Б
A85: 81 | B85: 4. Прочее, по цене за килограмм | C85: Ярус 3, ящики | D85: клапан фланцевый | E85: Ду65 | F85: Клапан невозвратно-приемный фланцевый Ду 65 Ру1 (522-03.023) | I85: Комплект | K85: 2 | L85: 2 | M85: 20 | N85: =L85*M85 | O85: 0.04 | P85: =IFERROR(IF('Расходы и доставка'!$B$15="по весу",N85/'Расходы и доставка'!$B$19,IF('Расходы и доставка'!$B$15="по объему",O85/'Расходы и доставка'!$B$20,IF('Расходы и доставка'!$B$15="поровну на штуку",L85/'Расходы и доставка'!$B$21,T85/'Расходы и доставка'!$B$22))),0) | Q85: =P85*'Расходы и доставка'!$B$13 | R85: =IFERROR(Q85/L85,0) | S85: 9750 | T85: =L85*S85 | U85: =S85+R85 | V85: =IFERROR(R85/S85,"") | X85: Склад 1А/1Б
A86: 82 | B86: 4. Прочее, по цене за килограмм | C86: Ярус 3, ящики | D86: клапан фланцевый | E86: Ду65 | F86: Клапан невозвратно-приемный фланцевый Ду 65 Ру1 (522-35.4044-01) | I86: Комплект | K86: 1 | L86: 1 | M86: 20 | N86: =L86*M86 | O86: 0.02 | P86: =IFERROR(IF('Расходы и доставка'!$B$15="по весу",N86/'Расходы и доставка'!$B$19,IF('Расходы и доставка'!$B$15="по объему",O86/'Расходы и доставка'!$B$20,IF('Расходы и доставка'!$B$15="поровну на штуку",L86/'Расходы и доставка'!$B$21,T86/'Расходы и доставка'!$B$22))),0) | Q86: =P86*'Расходы и доставка'!$B$13 | R86: =IFERROR(Q86/L86,0) | S86: 9750 | T86: =L86*S86 | U86: =S86+R86 | V86: =IFERROR(R86/S86,"") | X86: Склад 1А/1Б
A87: 83 | B87: 4. Прочее, по цене за килограмм | C87: Ярус 3, ящики | D87: клапан без описания — уточнить | F87: Клапан | G87: 587-182.126 | I87: Комплект | K87: 1 | L87: 1 | M87: 5 | N87: =L87*M87 | O87: 0.01 | P87: =IFERROR(IF('Расходы и доставка'!$B$15="по весу",N87/'Расходы и доставка'!$B$19,IF('Расходы и доставка'!$B$15="по объему",O87/'Расходы и доставка'!$B$20,IF('Расходы и доставка'!$B$15="поровну на штуку",L87/'Расходы и доставка'!$B$21,T87/'Расходы и доставка'!$B$22))),0) | Q87: =P87*'Расходы и доставка'!$B$13 | R87: =IFERROR(Q87/L87,0) | T87: =L87*S87 | U87: =S87+R87 | V87: =IFERROR(R87/S87,"") | X87: Склад 2
A88: 84 | B88: 4. Прочее, по цене за килограмм | C88: Ярус 3, ящики | D88: клапан электромагнитный | F88: Клапан фреоновый саленоидный | H88: Новое | I88: Комплект | K88: 2 | L88: 2 | M88: 5 | N88: =L88*M88 | O88: 0.02 | P88: =IFERROR(IF('Расходы и доставка'!$B$15="по весу",N88/'Расходы и доставка'!$B$19,IF('Расходы и доставка'!$B$15="по объему",O88/'Расходы и доставка'!$B$20,IF('Расходы и доставка'!$B$15="поровну на штуку",L88/'Расходы и доставка'!$B$21,T88/'Расходы и доставка'!$B$22))),0) | Q88: =P88*'Расходы и доставка'!$B$13 | R88: =IFERROR(Q88/L88,0) | T88: =L88*S88 | U88: =S88+R88 | V88: =IFERROR(R88/S88,"") | X88: Склад 2
A89: 85 | B89: 4. Прочее, по цене за килограмм | C89: Ярус 3, ящики | D89: клапан паровой | E89: Ду65 | F89: Клапан паровой Ду65Ру10 | G89: 581-03.034 | I89: Комплект | K89: 1 | L89: 1 | M89: 5 | N89: =L89*M89 | O89: 0.02 | P89: =IFERROR(IF('Расходы и доставка'!$B$15="по весу",N89/'Расходы и доставка'!$B$19,IF('Расходы и доставка'!$B$15="по объему",O89/'Расходы и доставка'!$B$20,IF('Расходы и доставка'!$B$15="поровну на штуку",L89/'Расходы и доставка'!$B$21,T89/'Расходы и доставка'!$B$22))),0) | Q89: =P89*'Расходы и доставка'!$B$13 | R89: =IFERROR(Q89/L89,0) | T89: =L89*S89 | U89: =S89+R89 | V89: =IFERROR(R89/S89,"") | X89: Склад 2
A90: 86 | B90: 4. Прочее, по цене за килограмм | C90: Ярус 3, ящики | D90: клапан пожарный | E90: Ду50 | F90: Клапан фланц. концевой пожарный угловой Ду50 Ру25 | G90: 595-3М-48 | I90: Комплект | K90: 1 | L90: 1 | M90: 14 | N90: =L90*M90 | O90: 0.012 | P90: =IFERROR(IF('Расходы и доставка'!$B$15="по весу",N90/'Расходы и доставка'!$B$19,IF('Расходы и доставка'!$B$15="по объему",O90/'Расходы и доставка'!$B$20,IF('Расходы и доставка'!$B$15="поровну на штуку",L90/'Расходы и доставка'!$B$21,T90/'Расходы и доставка'!$B$22))),0) | Q90: =P90*'Расходы и доставка'!$B$13 | R90: =IFERROR(Q90/L90,0) | T90: =L90*S90 | U90: =S90+R90 | V90: =IFERROR(R90/S90,"") | X90: Склад 2
A91: 87 | B91: 4. Прочее, по цене за килограмм | C91: Ярус 3, ящики | D91: клапан пожарный | E91: Ду50 | F91: Клапан фланц. концевой пожарный угловой Ду50 Ру25 | G91: 595-35-021 | I91: Комплект | K91: 1 | L91: 1 | M91: 14 | N91: =L91*M91 | O91: 0.012 | P91: =IFERROR(IF('Расходы и доставка'!$B$15="по весу",N91/'Расходы и доставка'!$B$19,IF('Расходы и доставка'!$B$15="по объему",O91/'Расходы и доставка'!$B$20,IF('Расходы и доставка'!$B$15="поровну на штуку",L91/'Расходы и доставка'!$B$21,T91/'Расходы и доставка'!$B$22))),0) | Q91: =P91*'Расходы и доставка'!$B$13 | R91: =IFERROR(Q91/L91,0) | T91: =L91*S91 | U91: =S91+R91 | V91: =IFERROR(R91/S91,"") | X91: Склад 2
A92: 88 | B92: 4. Прочее, по цене за килограмм | C92: Ярус 3, ящики | D92: клапан без описания — уточнить | F92: Кланан Рр18-2 45/25 | G92: 2619802505 | I92: Комплект | K92: 1 | L92: 1 | M92: 5 | N92: =L92*M92 | O92: 0.01 | P92: =IFERROR(IF('Расходы и доставка'!$B$15="по весу",N92/'Расходы и доставка'!$B$19,IF('Расходы и доставка'!$B$15="по объему",O92/'Расходы и доставка'!$B$20,IF('Расходы и доставка'!$B$15="поровну на штуку",L92/'Расходы и доставка'!$B$21,T92/'Расходы и доставка'!$B$22))),0) | Q92: =P92*'Расходы и доставка'!$B$13 | R92: =IFERROR(Q92/L92,0) | T92: =L92*S92 | U92: =S92+R92 | V92: =IFERROR(R92/S92,"") | X92: Склад 2
A93: 89 | B93: 4. Прочее, по цене за килограмм | C93: Ярус 3, ящики | D93: клапан электромагнитный | F93: Клапан электромагнитный б/у | H93: Б/у | I93: Комплект | K93: 4 | L93: 4 | M93: 5 | N93: =L93*M93 | O93: 0.04 | P93: =IFERROR(IF('Расходы и доставка'!$B$15="по весу",N93/'Расходы и доставка'!$B$19,IF('Расходы и доставка'!$B$15="по объему",O93/'Расходы и доставка'!$B$20,IF('Расходы и доставка'!$B$15="поровну на штуку",L93/'Расходы и доставка'!$B$21,T93/'Расходы и доставка'!$B$22))),0) | Q93: =P93*'Расходы и доставка'!$B$13 | R93: =IFERROR(Q93/L93,0) | T93: =L93*S93 | U93: =S93+R93 | V93: =IFERROR(R93/S93,"") | X93: Склад 3
A94: 90 | B94: 5. Мелочь — ей добиваем контейнер до 25 тонн | C94: Ярус 3, ящики | D94: клапан штуцерный | E94: Ду10 | F94: Клапан штуцерный угловой Ду10 Ру100 | G94: 521-01.465-01 | I94: Комплект | K94: 1 | L94: 1 | M94: 0.6 | N94: =L94*M94 | O94: 0.001 | P94: =IFERROR(IF('Расходы и доставка'!$B$15="по весу",N94/'Расходы и доставка'!$B$19,IF('Расходы и доставка'!$B$15="по объему",O94/'Расходы и доставка'!$B$20,IF('Расходы и доставка'!$B$15="поровну на штуку",L94/'Расходы и доставка'!$B$21,T94/'Расходы и доставка'!$B$22))),0) | Q94: =P94*'Расходы и доставка'!$B$13 | R94: =IFERROR(Q94/L94,0) | S94: 20200 | T94: =L94*S94 | U94: =S94+R94 | V94: =IFERROR(R94/S94,"") | X94: Склад 2
A95: 91 | B95: 5. Мелочь — ей добиваем контейнер до 25 тонн | C95: Ярус 3, ящики | D95: клапан предохранительный | E95: Ду6 | F95: Клапан предохранительный штуцерный угловой Ду6,5-9 | G95: 524-03.004 | I95: Комплект | K95: 1 | L95: 1 | M95: 0.4 | N95: =L95*M95 | O95: 0.001 | P95: =IFERROR(IF('Расходы и доставка'!$B$15="по весу",N95/'Расходы и доставка'!$B$19,IF('Расходы и доставка'!$B$15="по объему",O95/'Расходы и доставка'!$B$20,IF('Расходы и доставка'!$B$15="поровну на штуку",L95/'Расходы и доставка'!$B$21,T95/'Расходы и доставка'!$B$22))),0) | Q95: =P95*'Расходы и доставка'!$B$13 | R95: =IFERROR(Q95/L95,0) | S95: 9000 | T95: =L95*S95 | U95: =S95+R95 | V95: =IFERROR(R95/S95,"") | X95: Склад 2
A96: 92 | B96: 5. Мелочь — ей добиваем контейнер до 25 тонн | C96: Ярус 3, ящики | D96: клапан штуцерный | E96: Ду3 | F96: Клапан для манометра штущерный Ду3Ру400 новый | G96: 521-03.406 | H96: Новое | I96: Комплект | K96: 2 | L96: 2 | M96: 0.3 | N96: =L96*M96 | O96: 0.001 | P96: =IFERROR(IF('Расходы и доставка'!$B$15="по весу",N96/'Расходы и доставка'!$B$19,IF('Расходы и доставка'!$B$15="по объему",O96/'Расходы и доставка'!$B$20,IF('Расходы и доставка'!$B$15="поровну на штуку",L96/'Расходы и доставка'!$B$21,T96/'Расходы и доставка'!$B$22))),0) | Q96: =P96*'Расходы и доставка'!$B$13 | R96: =IFERROR(Q96/L96,0) | S96: 6000 | T96: =L96*S96 | U96: =S96+R96 | V96: =IFERROR(R96/S96,"") | X96: Склад 2
A97: 93 | B97: 5. Мелочь — ей добиваем контейнер до 25 тонн | C97: Ярус 3, ящики | D97: клапан штуцерный | E97: Ду6 | F97: Клапан для манометра штущерный сальниковый Ду6Ру100 новый | G97: 521-02.013 | H97: Новое | I97: Комплект | K97: 95 | L97: 95 | M97: 0.4 | N97: =L97*M97 | O97: 0.048 | P97: =IFERROR(IF('Расходы и доставка'!$B$15="по весу",N97/'Расходы и доставка'!$B$19,IF('Расходы и доставка'!$B$15="по объему",O97/'Расходы и доставка'!$B$20,IF('Расходы и доставка'!$B$15="поровну на штуку",L97/'Расходы и доставка'!$B$21,T97/'Расходы и доставка'!$B$22))),0) | Q97: =P97*'Расходы и доставка'!$B$13 | R97: =IFERROR(Q97/L97,0) | S97: 4500 | T97: =L97*S97 | U97: =S97+R97 | V97: =IFERROR(R97/S97,"") | X97: Склад 2
A98: 94 | B98: 5. Мелочь — ей добиваем контейнер до 25 тонн | C98: Ярус 3, ящики | D98: клапан штуцерный | E98: Ду6 | F98: Клапан для манометра штущерный сальниковый Ду6Ру100 б/у | G98: 521-02.013 | H98: Б/у | I98: Комплект | K98: 1 | L98: 1 | M98: 0.4 | N98: =L98*M98 | O98: 0.001 | P98: =IFERROR(IF('Расходы и доставка'!$B$15="по весу",N98/'Расходы и доставка'!$B$19,IF('Расходы и доставка'!$B$15="по объему",O98/'Расходы и доставка'!$B$20,IF('Расходы и доставка'!$B$15="поровну на штуку",L98/'Расходы и доставка'!$B$21,T98/'Расходы и доставка'!$B$22))),0) | Q98: =P98*'Расходы и доставка'!$B$13 | R98: =IFERROR(Q98/L98,0) | S98: 4500 | T98: =L98*S98 | U98: =S98+R98 | V98: =IFERROR(R98/S98,"") | X98: Склад 2
A99: 95 | B99: 5. Мелочь — ей добиваем контейнер до 25 тонн | C99: Ярус 3, ящики | D99: клапан штуцерный | E99: Ду6 | F99: Клапан для манометра штущерный сальниковый Ду6Ру100 б/у | G99: 521-02.014 | H99: Б/у | I99: Комплект | K99: 1 | L99: 1 | M99: 0.4 | N99: =L99*M99 | O99: 0.001 | P99: =IFERROR(IF('Расходы и доставка'!$B$15="по весу",N99/'Расходы и доставка'!$B$19,IF('Расходы и доставка'!$B$15="по объему",O99/'Расходы и доставка'!$B$20,IF('Расходы и доставка'!$B$15="поровну на штуку",L99/'Расходы и доставка'!$B$21,T99/'Расходы и доставка'!$B$22))),0) | Q99: =P99*'Расходы и доставка'!$B$13 | R99: =IFERROR(Q99/L99,0) | S99: 4500 | T99: =L99*S99 | U99: =S99+R99 | V99: =IFERROR(R99/S99,"") | X99: Склад 2
A100: 96 | B100: 5. Мелочь — ей добиваем контейнер до 25 тонн | C100: Ярус 3, ящики | D100: клапан предохранительный | E100: Ду6 | F100: Клапан предохранительный штуцерный сигнальный Ду6 Ру100-230 | G100: 524-35.2423-01 | I100: Комплект | K100: 1 | L100: 1 | M100: 0.4 | N100: =L100*M100 | O100: 0.001 | P100: =IFERROR(IF('Расходы и доставка'!$B$15="по весу",N100/'Расходы и доставка'!$B$19,IF('Расходы и доставка'!$B$15="по объему",O100/'Расходы и доставка'!$B$20,IF('Расходы и доставка'!$B$15="поровну на штуку",L100/'Расходы и доставка'!$B$21,T100/'Расходы и доставка'!$B$22))),0) | Q100: =P100*'Расходы и доставка'!$B$13 | R100: =IFERROR(Q100/L100,0) | S100: 4500 | T100: =L100*S100 | U100: =S100+R100 | V100: =IFERROR(R100/S100,"") | X100: Склад 2
A101: 97 | B101: 5. Мелочь — ей добиваем контейнер до 25 тонн | C101: Ярус 3, ящики | D101: клапан предохранительный | E101: Ду6 | F101: Клапан предохранительный штуцерный сигнальный Ду6Ру100-250 | G101: 524-03.188 | I101: Комплект | K101: 2 | L101: 2 | M101: 0.4 | N101: =L101*M101 | O101: 0.001 | P101: =IFERROR(IF('Расходы и доставка'!$B$15="по весу",N101/'Расходы и доставка'!$B$19,IF('Расходы и доставка'!$B$15="по объему",O101/'Расходы и доставка'!$B$20,IF('Расходы и доставка'!$B$15="поровну на штуку",L101/'Расходы и доставка'!$B$21,T101/'Расходы и доставка'!$B$22))),0) | Q101: =P101*'Расходы и доставка'!$B$13 | R101: =IFERROR(Q101/L101,0) | S101: 4500 | T101: =L101*S101 | U101: =S101+R101 | V101: =IFERROR(R101/S101,"") | X101: Склад 2
...

Sheet Итоги по состоянию
A1: Новое и б/у: сколько чего уехало
A2: Считается по колонке «Состояние» листа «Отгрузка». Пока она не заполнена, все попадет в строку «не указано».
A4: Состояние | B4: Позиций | C4: Штук | D4: Вес, кг | E4: Стоимость, руб | F4: Доставка, руб | G4: Всего с доставкой, руб
A5: Новое | B5: =COUNTIF('Отгрузка'!H$5:H$149,"Новое") | C5: =SUMIF('Отгрузка'!H$5:H$149,"Новое",'Отгрузка'!L$5:L$149) | D5: =SUMIF('Отгрузка'!H$5:H$149,"Новое",'Отгрузка'!N$5:N$149) | E5: =SUMIF('Отгрузка'!H$5:H$149,"Новое",'Отгрузка'!T$5:T$149) | F5: =SUMIF('Отгрузка'!H$5:H$149,"Новое",'Отгрузка'!Q$5:Q$149) | G5: =E5+F5
A6: Б/у | B6: =COUNTIF('Отгрузка'!H$5:H$149,"Б/у") | C6: =SUMIF('Отгрузка'!H$5:H$149,"Б/у",'Отгрузка'!L$5:L$149) | D6: =SUMIF('Отгрузка'!H$5:H$149,"Б/у",'Отгрузка'!N$5:N$149) | E6: =SUMIF('Отгрузка'!H$5:H$149,"Б/у",'Отгрузка'!T$5:T$149) | F6: =SUMIF('Отгрузка'!H$5:H$149,"Б/у",'Отгрузка'!Q$5:Q$149) | G6: =E6+F6
A7: Восстановленное | B7: =COUNTIF('Отгрузка'!H$5:H$149,"Восстановленное") | C7: =SUMIF('Отгрузка'!H$5:H$149,"Восстановленное",'Отгрузка'!L$5:L$149) | D7: =SUMIF('Отгрузка'!H$5:H$149,"Восстановленное",'Отгрузка'!N$5:N$149) | E7: =SUMIF('Отгрузка'!H$5:H$149,"Восстановленное",'Отгрузка'!T$5:T$149) | F7: =SUMIF('Отгрузка'!H$5:H$149,"Восстановленное",'Отгрузка'!Q$5:Q$149) | G7: =E7+F7
A8: не указано | B8: =COUNTBLANK('Отгрузка'!H$5:H$149) | C8: =SUMIF('Отгрузка'!H$5:H$149,"",'Отгрузка'!L$5:L$149) | D8: =SUMIF('Отгрузка'!H$5:H$149,"",'Отгрузка'!N$5:N$149) | E8: =SUMIF('Отгрузка'!H$5:H$149,"",'Отгрузка'!T$5:T$149) | F8: =SUMIF('Отгрузка'!H$5:H$149,"",'Отгрузка'!Q$5:Q$149) | G8: =E8+F8
A9: ИТОГО | B9: =SUM(B5:B8) | C9: =SUM(C5:C8) | D9: =SUM(D5:D8) | E9: =SUM(E5:E8) | F9: =SUM(F5:F8) | G9: =SUM(G5:G8)
A11: Проверка
A12: Разнесено доставки, руб | B12: =SUM('Отгрузка'!Q$5:Q$149)
A13: Введено расходов, руб | B13: ='Расходы и доставка'!$B$13
A14: Расхождение, руб | B14: =SUM('Отгрузка'!Q$5:Q$149)-'Расходы и доставка'!$B$13
A15: Расхождение должно быть нулевым. Если не ноль — в отгрузке есть строка без веса или без цены, и доля по ней не посчиталась.
