Workbook

Sheet Отгрузка
A1: Отгрузка: что отправили и почем это обошлось
A2: Желтое вписываем сами, зеленое считается. Две первые строки — реальные отгрузки от 24.09.2026 как пример, сотрите их перед работой.
A4: Расходы по расписке
A5: Организация перевозки
A6: Перевозка
A7: Упаковка, доп. сервис отправителю
A8: Забор от отправителя
A9: Доставка до получателя
A10: Страхование
A11: Оповещения
A12: Все расходы на доставку | B12: =SUM(B5:B11)
A13: Общий вес груза, кг
A14: Доставка за килограмм, руб | B14: =IFERROR(B12/B13,0) | C14: по факту 24.09.2026 вышло 81 руб за кг (Керчь 76, Санкт-Петербург 105). Умножьте на вес штуки — получится доставка за штуку
A16: № | B16: Дата отгрузки | C16: Куда | D16: Покупатель | E16: Чем отправлено | F16: Документ, расписка | G16: Наименование товара | H16: Ед. изм. | I16: Новое или б/у | J16: Количество | K16: Мест | L16: Вес всего, кг | M16: Вес за шт, кг | N16: Цена за шт, руб | O16: Стоимость доставки за шт, руб | P16: Цена с доставкой за шт, руб | Q16: Сумма, руб | R16: Доставка всего, руб | S16: Итого по строке, руб | T16: Объявленная ценность, руб | U16: № места | V16: Примечание
A17: 1 | B17: 24.09.2026 | C17: Керчь | D17: Антон Бурыкин, ООО ПКФ «АРМА» | E17: ТК Энергия | F17: 2501-5036567 | G17: Клинкет Ду150, 1 фланец | H17: шт | I17: Новое | J17: 45 | K17: 3 | L17: 1800 | M17: =IF(J17="","",L17/J17) | O17: 3020.27 | P17: =IF(N17="","",N17+O17) | Q17: =IF(N17="","",J17*N17) | R17: =IF(O17="","",J17*O17) | S17: =IF(N17="","",Q17+R17) | T17: 299000 | V17: доставка вышла 76 руб за кг
A18: 2 | B18: 24.09.2026 | C18: Санкт-Петербург | D18: Антон Бурыкин, ООО ПКФ «АРМА» | E18: ТК Энергия | F18: 2501-5036592 | G18: Фильтр забортной воды Ду300 | H18: шт | I18: Б/у | J18: 2 | K18: 2 | L18: 450 | M18: =IF(J18="","",L18/J18) | O18: 23612.5 | P18: =IF(N18="","",N18+O18) | Q18: =IF(N18="","",J18*N18) | R18: =IF(O18="","",J18*O18) | S18: =IF(N18="","",Q18+R18) | T18: 600000 | V18: доставка вышла 105 руб за кг
A19: 3 | M19: =IF(J19="","",L19/J19) | P19: =IF(N19="","",N19+O19) | Q19: =IF(N19="","",J19*N19) | R19: =IF(O19="","",J19*O19) | S19: =IF(N19="","",Q19+R19)
A20: 4 | M20: =IF(J20="","",L20/J20) | P20: =IF(N20="","",N20+O20) | Q20: =IF(N20="","",J20*N20) | R20: =IF(O20="","",J20*O20) | S20: =IF(N20="","",Q20+R20)
A21: 5 | M21: =IF(J21="","",L21/J21) | P21: =IF(N21="","",N21+O21) | Q21: =IF(N21="","",J21*N21) | R21: =IF(O21="","",J21*O21) | S21: =IF(N21="","",Q21+R21)
A22: 6 | M22: =IF(J22="","",L22/J22) | P22: =IF(N22="","",N22+O22) | Q22: =IF(N22="","",J22*N22) | R22: =IF(O22="","",J22*O22) | S22: =IF(N22="","",Q22+R22)
A23: 7 | M23: =IF(J23="","",L23/J23) | P23: =IF(N23="","",N23+O23) | Q23: =IF(N23="","",J23*N23) | R23: =IF(O23="","",J23*O23) | S23: =IF(N23="","",Q23+R23)
A24: 8 | M24: =IF(J24="","",L24/J24) | P24: =IF(N24="","",N24+O24) | Q24: =IF(N24="","",J24*N24) | R24: =IF(O24="","",J24*O24) | S24: =IF(N24="","",Q24+R24)
A25: 9 | M25: =IF(J25="","",L25/J25) | P25: =IF(N25="","",N25+O25) | Q25: =IF(N25="","",J25*N25) | R25: =IF(O25="","",J25*O25) | S25: =IF(N25="","",Q25+R25)
A26: 10 | M26: =IF(J26="","",L26/J26) | P26: =IF(N26="","",N26+O26) | Q26: =IF(N26="","",J26*N26) | R26: =IF(O26="","",J26*O26) | S26: =IF(N26="","",Q26+R26)
A27: 11 | M27: =IF(J27="","",L27/J27) | P27: =IF(N27="","",N27+O27) | Q27: =IF(N27="","",J27*N27) | R27: =IF(O27="","",J27*O27) | S27: =IF(N27="","",Q27+R27)
A28: 12 | M28: =IF(J28="","",L28/J28) | P28: =IF(N28="","",N28+O28) | Q28: =IF(N28="","",J28*N28) | R28: =IF(O28="","",J28*O28) | S28: =IF(N28="","",Q28+R28)
A29: 13 | M29: =IF(J29="","",L29/J29) | P29: =IF(N29="","",N29+O29) | Q29: =IF(N29="","",J29*N29) | R29: =IF(O29="","",J29*O29) | S29: =IF(N29="","",Q29+R29)
A30: 14 | M30: =IF(J30="","",L30/J30) | P30: =IF(N30="","",N30+O30) | Q30: =IF(N30="","",J30*N30) | R30: =IF(O30="","",J30*O30) | S30: =IF(N30="","",Q30+R30)
... A316: 300 | M316: =IF(J316="","",L316/J316) | P316: =IF(N316="","",N316+O316) | Q316: =IF(N316="","",J316*N316) | R316: =IF(O316="","",J316*O316) | S316: =IF(N316="","",Q316+R316)
G317: ИТОГО | J317: =SUM(J17:J316) | K317: =SUM(K17:K316) | L317: =SUM(L17:L316) | Q317: =SUM(Q17:Q316) | R317: =SUM(R17:R316) | S317: =SUM(S17:S316) | T317: =SUM(T17:T316) | V317: ="строк заполнено: "&COUNTA(G17:G316)

Sheet Итоги
A1: Итоги по состоянию и по каналу отгрузки
A2: Считается по листу «Отгрузка». Строка «не указано» показывает, что еще не заполнили.
A4: Новое и б/у
A5: Состояние | B5: Строк | C5: Количество | D5: Вес, кг | E5: Сумма, руб | F5: Доставка, руб | G5: Итого с доставкой, руб
A6: Новое | B6: =COUNTIF('Отгрузка'!$I$17:$I$316,"Новое") | C6: =SUMIF('Отгрузка'!$I$17:$I$316,"Новое",'Отгрузка'!$J$17:$J$316) | D6: =SUMIF('Отгрузка'!$I$17:$I$316,"Новое",'Отгрузка'!$L$17:$L$316) | E6: =SUMIF('Отгрузка'!$I$17:$I$316,"Новое",'Отгрузка'!$Q$17:$Q$316) | F6: =SUMIF('Отгрузка'!$I$17:$I$316,"Новое",'Отгрузка'!$R$17:$R$316) | G6: =E6+F6
A7: Б/у | B7: =COUNTIF('Отгрузка'!$I$17:$I$316,"Б/у") | C7: =SUMIF('Отгрузка'!$I$17:$I$316,"Б/у",'Отгрузка'!$J$17:$J$316) | D7: =SUMIF('Отгрузка'!$I$17:$I$316,"Б/у",'Отгрузка'!$L$17:$L$316) | E7: =SUMIF('Отгрузка'!$I$17:$I$316,"Б/у",'Отгрузка'!$Q$17:$Q$316) | F7: =SUMIF('Отгрузка'!$I$17:$I$316,"Б/у",'Отгрузка'!$R$17:$R$316) | G7: =E7+F7
A8: не указано | B8: =COUNTIFS('Отгрузка'!$G$17:$G$316,"<>",'Отгрузка'!$I$17:$I$316,"") | C8: =SUMIF('Отгрузка'!$I$17:$I$316,"",'Отгрузка'!$J$17:$J$316) | D8: =SUMIF('Отгрузка'!$I$17:$I$316,"",'Отгрузка'!$L$17:$L$316) | E8: =SUMIF('Отгрузка'!$I$17:$I$316,"",'Отгрузка'!$Q$17:$Q$316) | F8: =SUMIF('Отгрузка'!$I$17:$I$316,"",'Отгрузка'!$R$17:$R$316) | G8: =E8+F8
A9: ИТОГО | B9: =SUM(B6:B8) | C9: =SUM(C6:C8) | D9: =SUM(D6:D8) | E9: =SUM(E6:E8) | F9: =SUM(F6:F8) | G9: =SUM(G6:G8)
A11: По каналу отгрузки
A12: Чем отправлено | B12: Строк | C12: Количество | D12: Вес, кг | E12: Сумма, руб | F12: Доставка, руб | G12: Итого с доставкой, руб
A13: Контейнер | B13: =COUNTIF('Отгрузка'!$E$17:$E$316,"Контейнер") | C13: =SUMIF('Отгрузка'!$E$17:$E$316,"Контейнер",'Отгрузка'!$J$17:$J$316) | D13: =SUMIF('Отгрузка'!$E$17:$E$316,"Контейнер",'Отгрузка'!$L$17:$L$316) | E13: =SUMIF('Отгрузка'!$E$17:$E$316,"Контейнер",'Отгрузка'!$Q$17:$Q$316) | F13: =SUMIF('Отгрузка'!$E$17:$E$316,"Контейнер",'Отгрузка'!$R$17:$R$316) | G13: =E13+F13
A14: ТК Энергия | B14: =COUNTIF('Отгрузка'!$E$17:$E$316,"ТК Энергия") | C14: =SUMIF('Отгрузка'!$E$17:$E$316,"ТК Энергия",'Отгрузка'!$J$17:$J$316) | D14: =SUMIF('Отгрузка'!$E$17:$E$316,"ТК Энергия",'Отгрузка'!$L$17:$L$316) | E14: =SUMIF('Отгрузка'!$E$17:$E$316,"ТК Энергия",'Отгрузка'!$Q$17:$Q$316) | F14: =SUMIF('Отгрузка'!$E$17:$E$316,"ТК Энергия",'Отгрузка'!$R$17:$R$316) | G14: =E14+F14
A15: Другая ТК | B15: =COUNTIF('Отгрузка'!$E$17:$E$316,"Другая ТК") | C15: =SUMIF('Отгрузка'!$E$17:$E$316,"Другая ТК",'Отгрузка'!$J$17:$J$316) | D15: =SUMIF('Отгрузка'!$E$17:$E$316,"Другая ТК",'Отгрузка'!$L$17:$L$316) | E15: =SUMIF('Отгрузка'!$E$17:$E$316,"Другая ТК",'Отгрузка'!$Q$17:$Q$316) | F15: =SUMIF('Отгрузка'!$E$17:$E$316,"Другая ТК",'Отгрузка'!$R$17:$R$316) | G15: =E15+F15
A16: Самовывоз | B16: =COUNTIF('Отгрузка'!$E$17:$E$316,"Самовывоз") | C16: =SUMIF('Отгрузка'!$E$17:$E$316,"Самовывоз",'Отгрузка'!$J$17:$J$316) | D16: =SUMIF('Отгрузка'!$E$17:$E$316,"Самовывоз",'Отгрузка'!$L$17:$L$316) | E16: =SUMIF('Отгрузка'!$E$17:$E$316,"Самовывоз",'Отгрузка'!$Q$17:$Q$316) | F16: =SUMIF('Отгрузка'!$E$17:$E$316,"Самовывоз",'Отгрузка'!$R$17:$R$316) | G16: =E16+F16
A17: не указано | B17: =COUNTIFS('Отгрузка'!$G$17:$G$316,"<>",'Отгрузка'!$E$17:$E$316,"") | C17: =SUMIF('Отгрузка'!$E$17:$E$316,"",'Отгрузка'!$J$17:$J$316) | D17: =SUMIF('Отгрузка'!$E$17:$E$316,"",'Отгрузка'!$L$17:$L$316) | E17: =SUMIF('Отгрузка'!$E$17:$E$316,"",'Отгрузка'!$Q$17:$Q$316) | F17: =SUMIF('Отгрузка'!$E$17:$E$316,"",'Отгрузка'!$R$17:$R$316) | G17: =E17+F17
A18: ИТОГО | B18: =SUM(B13:B17) | C18: =SUM(C13:C17) | D18: =SUM(D13:D17) | E18: =SUM(E13:E17) | F18: =SUM(F13:F17) | G18: =SUM(G13:G17)
A20: Доля доставки в цене
A21: Товар без доставки, руб | B21: =SUM('Отгрузка'!$Q$17:$Q$316)
A22: Доставка, руб | B22: =SUM('Отгрузка'!$R$17:$R$316)
A23: Доставка в процентах от товара | B23: =IFERROR(SUM('Отгрузка'!$R$17:$R$316)/SUM('Отгрузка'!$Q$17:$Q$316),0)
A24: Доставка за килограмм в среднем, руб | B24: =IFERROR(SUM('Отгрузка'!$R$17:$R$316)/SUM('Отгрузка'!$L$17:$L$316),0)
A25: Всего с доставкой, руб | B25: =SUM('Отгрузка'!$Q$17:$Q$316)+SUM('Отгрузка'!$R$17:$R$316)

Sheet Как заполнять
A1: Как вести бланк
A3: № | B3: Правило | C3: Почему так
A4: 1 | B4: Одна строка — одна позиция одной отгрузки | C4: Канал, город и номер расписки стоят в самой строке, поэтому в файле спокойно живут и контейнер, и посылки транспортной компанией. Итоги считаются по каналам отдельно.
A5: 2 | B5: Состояние ставим при погрузке | C5: Новое или б/у видно только тогда, когда позицию берут в руки и кладут в ящик. Потом по памяти это не восстановить. В учетных файлах состояние стоит только у 54 позиций из 810.
A6: 3 | B6: Вес пишем по расписке, брутто | C6: Экспедитор считает деньги от веса вместе с тарой. По этому же весу разносим доставку. Заодно накапливаем настоящие веса: справочные цифры по задвижкам оказались завышены вдвое.
A7: 4 | B7: Доставка за штуку считается от веса | C7: Разделите итог по расписке на общий вес груза — получится цена килограмма, умножьте на вес штуки. Блок для этого счета стоит вверху листа.
A8: 5 | B8: Поровну на штуку разносить нельзя | C8: Задвижка Ду250 весит 220 кг, штуцерный клапан — килограмм. Если разделить доставку поровну, мелочь подорожает в разы, а тяжелая арматура уедет дешевле себестоимости.
A9: 6 | B9: Перевозка — это не весь счет | C9: По расписке в Керчь перевозка 27 000 из 135 912, остальное организация перевозки. В Питер перевозка 7 852 из 47 225, плюс упаковка 6 150 и страховка 1 800. Считать надо по итогу.
A10: 7 | B10: Цена с доставкой — это не цена продажи | C10: Это то, во что позиция обошлась на складе у покупателя. Цену ставим от нее, иначе тяжелое уедет в минус.
A11: 8 | B11: Объявленная ценность — от нее страховка | C11: Занизите — страховка дешевле, но при бое получите гроши. Завысите — переплатите за страхование.
A12: 9 | B12: Новое и б/у не смешиваем в одном месте | C12: Покупатель принимает груз по упаковочному листу. Если в ящике вперемешку, спор о состоянии придет на весь ящик.
